venue,address,tel,lat,long,href,id,area,上肢拉－二頭肌,上肢拉－垂直下拉,上肢推－肩部,上肢推－胸部,上肢推－胸部飛鳥,下肢－腿推／蹬腿,划艇類,可調式滑輪／綜合訓練,啞鈴,單車類,導軌式槓鈴訓練,提膝／下腹,橢圓／交叉訓練類,腹肌訓練板,腹部屈曲／捲腹,跑步類,軀幹旋轉／腹斜肌,上肢推及拉－飛鳥／反向飛鳥,上肢推－三頭肌,下肢－腿後肌,下肢－髖內收／外展,下背伸展,踏步／登樓類,下肢－臀部及髖關節,伸展器材,槓鈴／槓片,重量或體重量度,全身帶氧類,引體上升／雙槓／提膝,訓練椅,上肢拉－水平划船,伸展／自重訓練架,引體上升／雙槓撐體,腹部及下背複合,壺鈴,藥球,下肢－股四頭肌,體重及身高量度,被動恢復
香港仔體育館,香港仔大道203號香港仔市政大廈5字樓,2555 8909,22.2493236,114.1544766,/clpss/tc/webApp/FitnessRoomDetails.do?id=1374,1374,165.0,1.0,1.0,1.0,1.0,1.0,1.0,2.0,1.0,4.0,4,1.0,2.0,2.0,1.0,1.0,4,1.0,,,,,,,,,,,,,,,,,,,,,,
香港仔網球及壁球中心,香港仔海傍道1號,2553 6130,22.2475303,114.1599722,/clpss/tc/webApp/FitnessRoomDetails.do?id=1375,1375,125.0,,,1.0,1.0,,1.0,2.0,1.0,2.0,4,,,2.0,,1.0,4,,1.0,1.0,1.0,1.0,1.0,2.0,,,,,,,,,,,,,,,,
鴨脷洲體育館,鴨脷洲洪聖街8號,2554 0832,22.2445162,114.1553613,/clpss/tc/webApp/FitnessRoomDetails.do?id=1376,1376,115.0,1.0,2.0,1.0,1.0,1.0,1.0,1.0,1.0,4.0,1,,,,1.0,,4,1.0,,,1.0,,,1.0,1.0,1.0,,,,,,,,,,,,,,
柴灣體育館,柴灣怡順街,2897 9144,22.2644772,114.2399008,/clpss/tc/webApp/FitnessRoomDetails.do?id=1365,1365,145.0,1.0,1.0,1.0,1.0,1.0,1.0,2.0,1.0,3.0,2,,1.0,2.0,2.0,,5,,,,,,,,,2.0,,,,,,,,,,,,,,
港灣道體育館,灣仔港灣道27號,2827 9684,22.2813379,114.1765197,/clpss/tc/webApp/FitnessRoomDetails.do?id=1440,1440,254.0,,1.0,1.0,1.0,,1.0,2.0,1.0,4.0,4,,,1.0,1.0,,4,1.0,1.0,1.0,1.0,1.0,1.0,,,2.0,1.0,1.0,,,,,,,,,,,,
香港公園體育館,中環紅棉路29號,2521 5072,22.2772895,114.1593112,/clpss/tc/webApp/FitnessRoomDetails.do?id=1369,1369,121.0,,1.0,,,,,1.0,1.0,2.0,3,,1.0,1.0,,,2,1.0,1.0,1.0,,,1.0,,,1.0,,,1.0,1.0,1.0,,,,,,,,,
港島東體育館,西灣河鯉景道52號,2151 4070,22.2847184,114.2222608,/clpss/tc/webApp/FitnessRoomDetails.do?id=1367,1367,124.0,1.0,1.0,1.0,1.0,,1.0,2.0,,2.0,3,,1.0,1.0,,,5,,1.0,,1.0,,,1.0,,1.0,,,,,,,,,,,,,,
渣華道體育館,北角渣華道99號渣華道市政大廈3樓,2516 9415,22.292286,114.199478,/clpss/tc/webApp/FitnessRoomDetails.do?id=2931,2931,144.0,1.0,1.0,,1.0,,1.0,1.0,1.0,3.0,2,,,2.0,,,3,1.0,1.0,,1.0,,1.0,1.0,,1.0,,,,,1.0,,,,,,,,,
駱克道體育館,灣仔軒尼詩道225號駱克道市政大廈10樓,2879 5521,22.2779913,114.175448,/clpss/tc/webApp/FitnessRoomDetails.do?id=1368,1368,75.0,1.0,1.0,1.0,,,1.0,1.0,1.0,3.0,2,,,2.0,1.0,1.0,2,1.0,1.0,,1.0,,,1.0,,,,,,,,,,,,,,,,
鰂魚涌體育館,鰂魚涌街38號鰂魚涌市政大廈6字樓,2562 0374,22.2838464,114.2117332,/clpss/tc/webApp/FitnessRoomDetails.do?id=1366,1366,189.0,1.0,1.0,2.0,1.0,,1.0,3.0,1.0,2.0,5,,,2.0,1.0,,5,,1.0,1.0,,,,1.0,,4.0,,,,1.0,,,,,,,,,,
石塘咀體育館,皇后大道西470號5樓,2858 0541,22.285722,114.136055,/clpss/tc/webApp/FitnessRoomDetails.do?id=1370,1370,123.0,,1.0,1.0,1.0,1.0,,2.0,1.0,2.0,2,,,,1.0,,3,,,,1.0,,,1.0,,1.0,,,2.0,1.0,,1.0,,,,,,,,
上環體育館,皇后大道中345號11字樓,2853 2574,22.2862048,114.1497877,/clpss/tc/webApp/FitnessRoomDetails.do?id=1371,1371,216.0,1.0,1.0,,1.0,,1.0,2.0,1.0,2.0,5,,,2.0,1.0,,6,,1.0,1.0,,1.0,,1.0,,4.0,,,,,2.0,,,,,,,,,
士美非路體育館,香港堅尼地城士美菲路12K號士美非路市政大廈4樓,2855 7321,22.2816862,114.1286074,/clpss/tc/webApp/FitnessRoomDetails.do?id=1372,1372,234.0,,,,2.0,1.0,1.0,2.0,1.0,1.0,3,,1.0,4.0,,1.0,5,,,,,,,2.0,,5.0,,,,,4.0,1.0,2.0,,,,,,,
中山紀念公園體育館,西營盤東邊街北18號,2858 2493,22.2899893,114.1434709,/clpss/tc/webApp/FitnessRoomDetails.do?id=1373,1373,125.0,1.0,1.0,1.0,1.0,1.0,,1.0,,1.0,3,,,2.0,,,3,,,1.0,,,,,1.0,3.0,,,,,2.0,,,,,,,,,
彩虹道體育館,黃大仙彩虹道150號,2326 2714,22.3370803,114.1966413,/clpss/tc/webApp/FitnessRoomDetails.do?id=1384,1384,137.0,,1.0,1.0,1.0,,1.0,2.0,,3.0,3,,,2.0,,1.0,3,,1.0,1.0,1.0,,1.0,,,1.0,,,,1.0,,,2.0,,,,,,,
彩榮路體育館,觀塘彩榮路58號,2721 5918,22.3277357,114.2173194,/clpss/tc/webApp/FitnessRoomDetails.do?id=2517,2517,300.0,1.0,,,,1.0,1.0,2.0,,3.0,4,1.0,,5.0,1.0,1.0,4,1.0,,1.0,1.0,1.0,2.0,,,3.0,1.0,,,,1.0,,,,,,,,,
竹園體育館,黃大仙竹園道竹園北邨,2324 3960,22.3464066,114.1921269,/clpss/tc/webApp/FitnessRoomDetails.do?id=1386,1386,116.0,,1.0,1.0,,,1.0,2.0,,3.0,3,,,2.0,1.0,,3,1.0,1.0,1.0,1.0,,1.0,,,1.0,,,,1.0,,,,,,,,,,
花園街體育館,旺角花園街123號A花園街市政大廈10字樓,2395 1501,22.3207731,114.1705955,/clpss/tc/webApp/FitnessRoomDetails.do?id=1387,1387,170.0,,1.0,1.0,1.0,,,3.0,1.0,3.0,4,,,2.0,1.0,1.0,3,,1.0,1.0,1.0,1.0,,,1.0,2.0,,,,,1.0,,,1.0,,,,,,
佛光街體育館,何文田牧愛街18號9字樓,2712 2652,22.3147697,114.181163,/clpss/tc/webApp/FitnessRoomDetails.do?id=1378,1378,108.0,,1.0,1.0,1.0,1.0,1.0,2.0,,2.0,2,,,1.0,,1.0,2,,,1.0,1.0,,,,,2.0,,,,,,,,,1.0,,,,,
曉光街體育館,九龍觀塘曉光街2號,2347 0384,22.3197754,114.227714,/clpss/tc/webApp/FitnessRoomDetails.do?id=2763,2763,62.0,,1.0,,1.0,1.0,,,,2.0,3,,,,,,2,,,,,,,,,1.0,,,,,,,,,1.0,,,,,
何文田體育館,何文田忠義街1號,2762 7837,22.31106,114.1807875,/clpss/tc/webApp/FitnessRoomDetails.do?id=1379,1379,408.0,1.0,1.0,,1.0,,1.0,4.0,,5.0,4,,1.0,,,1.0,6,1.0,,,,,,1.0,1.0,5.0,,,2.0,,1.0,,,,,,,,,
紅磡市政大廈體育館,紅磡馬頭圍道11號紅磡市政大廈3樓,2765 0586,22.3074403,114.1872381,/clpss/tc/webApp/FitnessRoomDetails.do?id=2987,2987,36.0,,1.0,,1.0,,,,,2.0,1,,,,,,1,,,,,,,,,1.0,,,,,,,,,,,,,,
九龍公園體育館,尖沙咀柯士甸道22號,2724 3120/2724 3344,22.2998611,114.1699453,/clpss/tc/webApp/FitnessRoomDetails.do?id=1388,1388,169.0,1.0,1.0,1.0,1.0,1.0,1.0,2.0,,4.0,4,,,2.0,1.0,,4,,,,,,,2.0,1.0,5.0,,,,,,,,,,,,,,
官涌體育館,佐敦寶靈街17號官涌市政大廈5字樓,2302 1275,22.3044841,114.1682724,/clpss/tc/webApp/FitnessRoomDetails.do?id=1389,1389,240.0,1.0,1.0,1.0,1.0,1.0,1.0,4.0,2.0,2.0,8,,,2.0,2.0,,5,1.0,,,,,,1.0,,4.0,,,,,1.0,,,,,,,,,
藍田(南)體育館,藍田碧雲道170號,2379 9254,22.303855,114.2388482,/clpss/tc/webApp/FitnessRoomDetails.do?id=1381,1381,125.0,1.0,1.0,1.0,1.0,1.0,1.0,2.0,1.0,3.0,3,,,2.0,1.0,,4,,,,1.0,,1.0,,,1.0,,,,,,,,,,,,,,
鯉魚門體育館,觀塘油塘鯉魚門徑6號鯉魚門市政大廈2字樓,2349 3954,22.2921844,114.238738,/clpss/tc/webApp/FitnessRoomDetails.do?id=1383,1383,115.0,1.0,1.0,,1.0,1.0,1.0,2.0,,2.0,2,,,2.0,1.0,,4,1.0,,,1.0,,1.0,,,,,,,,1.0,,,,,,,,,
馬仔坑體育館,黃大仙馬仔坑道30號,2321 0126,22.3438107,114.1887086,/clpss/tc/webApp/FitnessRoomDetails.do?id=3171,3171,279.0,1.0,1.0,1.0,1.0,,1.0,2.0,,4.0,4,,,2.0,1.0,1.0,3,1.0,1.0,1.0,1.0,1.0,,2.0,,3.0,,,,,,,,,,2.0,2.0,,,
牛頭角道體育館,牛頭角道183號牛頭角市政大廈4樓,2756 3466,22.3216515,114.2164025,/clpss/tc/webApp/FitnessRoomDetails.do?id=1380,1380,183.0,1.0,1.0,1.0,1.0,1.0,1.0,2.0,1.0,4.0,4,,,2.0,1.0,,5,1.0,,1.0,1.0,1.0,1.0,1.0,1.0,1.0,,,,,,,,,,,,,,
北河街體育館,深水埗基隆街333號北河街市政大廈5字樓,2729 1010,22.3293359,114.1609901,/clpss/tc/webApp/FitnessRoomDetails.do?id=1391,1391,159.0,1.0,1.0,1.0,1.0,,1.0,2.0,1.0,2.0,4,,1.0,2.0,,2.0,3,1.0,1.0,,,,,1.0,,3.0,,,,,1.0,,,1.0,,,,,,
蒲崗村道體育館,黃大仙蒲崗村道120號,2325 3585,22.3454753,114.2016078,/clpss/tc/webApp/FitnessRoomDetails.do?id=1385,1385,120.0,,,1.0,,1.0,1.0,3.0,,3.0,2,,,3.0,2.0,,4,,,1.0,,1.0,1.0,,,2.0,,,,,,,,,,,,,,
保安道體育館,深水埗保安道325-329號保安道市政大廈2字樓,2729 4237,22.3385091,114.1575418,/clpss/tc/webApp/FitnessRoomDetails.do?id=1392,1392,231.0,1.0,1.0,1.0,,,,2.0,,4.0,4,,,,,3.0,4,,,,,,,1.0,,1.0,,,2.0,,,,3.0,,,,,2.0,,
深水埗體育館,九龍深水埗深旺道38號深水埗康樂文化大樓2樓,2360 2276,22.3302563,114.1489738,/clpss/tc/webApp/FitnessRoomDetails.do?id=2754,2754,183.0,1.0,1.0,2.0,1.0,1.0,1.0,2.0,,2.0,5,,,2.0,2.0,1.0,4,1.0,,1.0,1.0,1.0,1.0,1.0,,1.0,,,,,,,,,,,,,,
石硤尾公園體育館,深水埗南昌街290號,2784 7424,22.337266,114.1699528,/clpss/tc/webApp/FitnessRoomDetails.do?id=1393,1393,138.0,1.0,1.0,1.0,1.0,,1.0,2.0,1.0,2.0,3,,,2.0,,1.0,3,,1.0,,1.0,1.0,1.0,3.0,,1.0,,,,,2.0,,,,,,,,,
順利邨體育館,觀塘順利邨道33號,2951 4136,22.3303124,114.2250254,/clpss/tc/webApp/FitnessRoomDetails.do?id=1382,1382,120.0,1.0,1.0,1.0,1.0,1.0,1.0,2.0,1.0,2.0,4,,,2.0,1.0,,3,,,,1.0,,2.0,1.0,,,,,,,,,,,,,,,,
大角咀體育館,九龍大角咀褔全街63號大角咀市政大廈6樓,2393 1084,22.3219699,114.1628288,/clpss/tc/webApp/FitnessRoomDetails.do?id=1390,1390,335.0,1.0,,1.0,,,1.0,3.0,1.0,5.0,4,1.0,1.0,4.0,1.0,3.0,6,,1.0,,1.0,,,,1.0,5.0,,,1.0,,,1.0,,1.0,,,,,,
土瓜灣體育館,土瓜灣下鄉道66號,2364 9285,22.3194537,114.1905663,/clpss/tc/webApp/FitnessRoomDetails.do?id=1377,1377,67.0,1.0,1.0,1.0,1.0,1.0,,2.0,,,4,,,,1.0,,4,,,,,,,,,2.0,,,,,,,,,,,,,,
車公廟體育館,沙田沙田頭路10號,2790 0221,22.3722733,114.1859688,/clpss/tc/webApp/FitnessRoomDetails.do?id=2261,2261,250.0,1.0,,,,1.0,1.0,2.0,,3.0,2,,,3.0,,1.0,3,1.0,,,1.0,1.0,,,,3.0,,,,,1.0,,,,,,,,,
長洲體育館,長洲醫院路3號,2981 6285,22.2075609,114.0311117,/clpss/tc/webApp/FitnessRoomDetails.do?id=1416,1416,104.0,1.0,,,1.0,1.0,1.0,2.0,,1.0,3,,,,,1.0,3,,,,,,,1.0,1.0,1.0,,,,,1.0,,,,,,,,,
長發體育館,青衣長發邨長發廣場4樓,2433 5886,22.3621696,114.1031717,/clpss/tc/webApp/FitnessRoomDetails.do?id=1422,1422,97.0,1.0,1.0,1.0,1.0,,1.0,1.0,1.0,2.0,2,,,1.0,1.0,,3,,1.0,,,,,,,1.0,,,,,,,,,,,,,,
富亨體育館,大埔富亨邨富亨商場1字樓,2665 2753,22.4585075,114.1714882,/clpss/tc/webApp/FitnessRoomDetails.do?id=1410,1410,108.0,,1.0,1.0,1.0,,1.0,2.0,1.0,5.0,2,1.0,,2.0,1.0,,2,,1.0,,1.0,,1.0,1.0,,,,,,,1.0,,,1.0,,,,,1.0,
富善體育館,大埔富善邨停車場7樓,2661 4144,22.4537353,114.1745072,/clpss/tc/webApp/FitnessRoomDetails.do?id=1409,1409,95.0,1.0,1.0,,1.0,,1.0,1.0,1.0,4.0,2,,,2.0,1.0,1.0,2,,1.0,1.0,1.0,,,,,1.0,,,,,,,,,,,,,1.0,
鳳琴街體育館,元朗鳳攸北街,2475 2334,22.4435671,114.0331486,/clpss/tc/webApp/FitnessRoomDetails.do?id=1434,1434,56.0,,1.0,1.0,,1.0,,1.0,,1.0,1,,1.0,,,,2,,,,,,1.0,,,,,,,,2.0,,,,,,,,,
楓樹窩體育館,青衣楓樹窩路10號青衣邨第二期,2433 6523,22.3535499,114.1020377,/clpss/tc/webApp/FitnessRoomDetails.do?id=1423,1423,146.0,1.0,1.0,1.0,1.0,,1.0,2.0,1.0,2.0,2,,,3.0,1.0,,2,,1.0,,1.0,,1.0,1.0,,1.0,,,,,,,,,,,,,,1.0
坑口體育館,將軍澳培成路38號西貢將軍澳政府綜合大樓1樓,2623 5928,22.3173044,114.2681381,/clpss/tc/webApp/FitnessRoomDetails.do?id=1399,1399,332.0,1.0,1.0,2.0,1.0,1.0,1.0,2.0,1.0,2.0,4,,,4.0,,1.0,4,1.0,,1.0,,1.0,,1.0,,4.0,1.0,1.0,,,6.0,,,,,,,,,
恆安體育館,沙田恆安邨恆安商場4樓,2642 0203,22.4166711,114.2279303,/clpss/tc/webApp/FitnessRoomDetails.do?id=1412,1412,59.0,1.0,1.0,1.0,1.0,1.0,1.0,1.0,,2.0,1,,1.0,1.0,1.0,,2,,,,,,,,,1.0,,,,,,,,,,,,,,
顯徑體育館,沙田顯徑邨顯徑商場,2605 8407,22.3635027,114.1720137,/clpss/tc/webApp/FitnessRoomDetails.do?id=1413,1413,62.0,,1.0,,1.0,,,1.0,,3.0,1,,,1.0,,,2,,,1.0,,,,,,1.0,,,,,,,,,1.0,,,,,
香港單車館,將軍澳寶康路107號,2878 8622,22.3132054,114.2620822,/clpss/tc/webApp/FitnessRoomDetails.do?id=1395,1395,326.0,1.0,1.0,1.0,1.0,1.0,1.0,2.0,1.0,2.0,4,,,4.0,,1.0,4,1.0,,1.0,,1.0,,1.0,,4.0,1.0,1.0,,,6.0,,,,,,,,,
荔景體育館,葵涌荔景麗祖路,2744 5678,22.3522377,114.1283916,/clpss/tc/webApp/FitnessRoomDetails.do?id=1420,1420,120.0,1.0,1.0,1.0,2.0,1.0,,2.0,1.0,46.0,3,,2.0,,1.0,1.0,3,1.0,,,1.0,,1.0,,1.0,2.0,,,2.0,,,,,,,,,,,
良田體育館,屯門田景邨停車場4字樓,2467 1594,22.4066238,113.9651642,/clpss/tc/webApp/FitnessRoomDetails.do?id=1426,1426,107.0,,1.0,,1.0,1.0,1.0,2.0,,3.0,2,,,1.0,,,2,1.0,,,1.0,1.0,,,,2.0,,,1.0,,,,,,,,,,,
朗屏體育館,元朗朗屏邨朗屏商場2樓,2475 2404/2475 1444,22.4502277,114.0234298,/clpss/tc/webApp/FitnessRoomDetails.do?id=1437,1437,70.0,1.0,1.0,1.0,1.0,1.0,,1.0,,2.0,3,,1.0,,,,2,,,,,,2.0,,,,,,,,1.0,,,,,,,,,
聯和墟體育館,粉嶺和滿街9號3樓,2677 5149,22.5001076,114.1449675,/clpss/tc/webApp/FitnessRoomDetails.do?id=1402,1402,172.0,1.0,1.0,1.0,1.0,,1.0,2.0,,3.0,4,,,2.0,,,4,1.0,1.0,,1.0,2.0,,,,2.0,,,,,,,,,,,,,,
龍琛路體育館,上水馬會道155號,2673 4433,22.5049764,114.1306787,/clpss/tc/webApp/FitnessRoomDetails.do?id=1403,1403,91.0,1.0,1.0,1.0,1.0,1.0,1.0,2.0,1.0,1.0,2,1.0,,1.0,1.0,,3,,,,1.0,,,,,2.0,,,,,2.0,,,1.0,,,,,,
馬鞍山體育館,沙田馬鞍山鞍駿街14號,2631 1597,22.4261053,114.2303024,/clpss/tc/webApp/FitnessRoomDetails.do?id=1415,1415,108.0,1.0,1.0,1.0,1.0,1.0,1.0,2.0,,3.0,2,,,1.0,,,3,,,,,,,,1.0,2.0,,1.0,,,,,,,,,,,,
美林體育館,沙田美林邨,2695 9318,22.3781992,114.177275,/clpss/tc/webApp/FitnessRoomDetails.do?id=1414,1414,122.0,,1.0,1.0,1.0,1.0,1.0,2.0,1.0,3.0,3,,,3.0,2.0,,2,,,,,,,,,2.0,,,,,,,,,,,,,,
梅窩體育館,梅窩銀石街9號梅窩市政大廈,2984 2334,22.2670148,113.9965447,/clpss/tc/webApp/FitnessRoomDetails.do?id=1417,1417,114.0,,1.0,1.0,,2.0,1.0,2.0,,2.0,2,,1.0,1.0,2.0,,2,,,,,,,1.0,,3.0,,,,,,,,,,,,,,
北葵涌鄧肇堅體育館,葵涌和宜合道292號,2426 3269,22.3737769,114.1375703,/clpss/tc/webApp/FitnessRoomDetails.do?id=1421,1421,63.0,,1.0,1.0,1.0,1.0,1.0,1.0,,20.0,1,,,1.0,,,1,,,1.0,,,,,,1.0,,,,,2.0,,2.0,,,,,,,
林士德體育館,葵涌興芳路176號,2422 5610,22.3604217,114.1285465,/clpss/tc/webApp/FitnessRoomDetails.do?id=1424,1424,86.0,,1.0,1.0,2.0,,1.0,2.0,1.0,18.0,2,,1.0,,1.0,,3,,,1.0,,,,,,,,,2.0,,,,,,,,,,,
坪洲體育館,坪洲寶坪街6號坪洲市政大廈,2983 8420,22.2848858,114.0381154,/clpss/tc/webApp/FitnessRoomDetails.do?id=1418,1418,101.0,1.0,,1.0,,2.0,1.0,2.0,,2.0,2,,,1.0,1.0,1.0,2,1.0,,,1.0,,,,,3.0,,,,,,,,,,,,,,
寶林體育館,將軍澳寶林邨,2701 5918,22.3257638,114.2546051,/clpss/tc/webApp/FitnessRoomDetails.do?id=1396,1396,108.0,1.0,1.0,1.0,1.0,1.0,1.0,1.0,,4.0,2,,,2.0,,1.0,2,1.0,,1.0,,,,1.0,1.0,1.0,,1.0,,,1.0,,,,,,,,,
保榮路體育館,上水百和路19號,2639 2979,22.4969496,114.1283915,/clpss/tc/webApp/FitnessRoomDetails.do?id=1405,1405,362.0,1.0,2.0,1.0,1.0,2.0,1.0,2.0,2.0,6.0,4,,1.0,3.0,2.0,1.0,3,,,1.0,1.0,1.0,1.0,2.0,,3.0,,,,,,,,1.0,,,,,,
兆麟體育館,屯門兆麟街19號屯門兆麟政府綜合大樓3字樓,2659 2311,22.3839098,113.9794564,/clpss/tc/webApp/FitnessRoomDetails.do?id=2194,2194,247.0,1.0,1.0,2.0,1.0,1.0,1.0,1.0,,1.0,6,,,2.0,,1.0,4,1.0,,1.0,,1.0,1.0,,,4.0,,,,,3.0,,,,,,,,,
大興體育館,屯門青松觀路,2463 1260,22.4060233,113.9748764,/clpss/tc/webApp/FitnessRoomDetails.do?id=1427,1427,88.0,1.0,,1.0,,2.0,,2.0,,2.0,3,,,2.0,1.0,,3,,,,2.0,,,1.0,,,,,,,,1.0,,,,,,,,
大埔墟體育館,大埔鄉事會街8號大埔綜合大樓6樓,3183 9011,22.4461711,114.1665102,/clpss/tc/webApp/FitnessRoomDetails.do?id=1407,1407,215.0,1.0,1.0,1.0,1.0,,1.0,2.0,1.0,4.0,4,,,4.0,1.0,1.0,4,1.0,1.0,,1.0,,1.0,1.0,,1.0,,,,1.0,,,,,,,,,,
大埔體育館,大埔汀太路13號,2664 7222,22.4554021,114.1649114,/clpss/tc/webApp/FitnessRoomDetails.do?id=1406,1406,108.0,1.0,1.0,1.0,1.0,,1.0,2.0,1.0,3.0,2,1.0,1.0,2.0,1.0,,2,,,,1.0,,,,,,1.0,,,,,,,,1.0,,,,,
大窩口體育館,葵涌大窩口大廈街,2920 2011,22.3701308,114.1249597,/clpss/tc/webApp/FitnessRoomDetails.do?id=1419,1419,104.0,,1.0,1.0,2.0,,,2.0,1.0,24.0,2,,2.0,,,,2,1.0,,1.0,,,1.0,,,,,,1.0,,1.0,,1.0,,,,,,,
太和體育館,大埔太和邨太和商場平台,2656 3398,22.4513392,114.1617919,/clpss/tc/webApp/FitnessRoomDetails.do?id=1408,1408,104.0,1.0,2.0,1.0,1.0,,1.0,1.0,1.0,3.0,2,,,2.0,2.0,,3,,1.0,,1.0,1.0,1.0,,,,1.0,,,,,,,1.0,,,,,1.0,
賽馬會屯門蝴蝶灣體育館,屯門湖山路,2465 7610,22.3775604,113.9669667,/clpss/tc/webApp/FitnessRoomDetails.do?id=1429,1429,94.0,,1.0,,1.0,,,2.0,,2.0,3,,,1.0,1.0,1.0,2,,,1.0,,,,1.0,,3.0,,,,,,,,,,,,,,
天暉路體育館,新界天水圍天瑞路63號,2473 0229,22.4647636,113.9969473,/clpss/tc/webApp/FitnessRoomDetails.do?id=1436,1436,130.0,1.0,1.0,1.0,1.0,1.0,1.0,2.0,,1.0,5,,1.0,2.0,,,3,1.0,,,,,1.0,,,2.0,,,,,1.0,,,,,,,,,
天平體育館,上水天平邨天平商場3樓,2673 3699,22.5036492,114.1335572,/clpss/tc/webApp/FitnessRoomDetails.do?id=1404,1404,64.0,,1.0,1.0,1.0,1.0,1.0,1.0,,,2,,,,,,2,,,,,,,,,,,,2.0,,1.0,,,,,,,,,
天瑞體育館,元朗天水圍天瑞路7號,2446 6609,22.4547499,113.997974,/clpss/tc/webApp/FitnessRoomDetails.do?id=1435,1435,145.0,1.0,1.0,1.0,1.0,1.0,,2.0,,3.0,4,,1.0,2.0,1.0,,3,1.0,,,1.0,,1.0,,,2.0,,,,,,,,,,,,,,
天水圍體育館,天水圍天柏路1號,2446 4778,22.4555321,114.0070777,/clpss/tc/webApp/FitnessRoomDetails.do?id=1433,1433,150.0,1.0,1.0,1.0,1.0,1.0,,2.0,,2.0,3,,2.0,1.0,1.0,,3,,,,1.0,,1.0,,,,,,,,,,,,,,,,,
調景嶺體育館,將軍澳翠嶺路2號,2481 5033,22.3062403,114.2552102,/clpss/tc/webApp/FitnessRoomDetails.do?id=1400,1400,285.0,1.0,1.0,1.0,1.0,1.0,1.0,2.0,1.0,2.0,4,,,4.0,,1.0,4,1.0,,1.0,,1.0,,,,4.0,1.0,1.0,,,6.0,,,,,,,,,
將軍澳體育館,將軍澳運隆路9號,2701 2317,22.3181874,114.2584138,/clpss/tc/webApp/FitnessRoomDetails.do?id=1398,1398,117.0,,1.0,1.0,1.0,1.0,1.0,2.0,,4.0,3,,,1.0,,1.0,3,1.0,,1.0,,,,2.0,,2.0,,1.0,,,,,1.0,,,,,,,
青衣西南體育館,新界青衣涌美路70號,2341 0102,22.350942,114.1026531,/clpss/tc/webApp/FitnessRoomDetails.do?id=2221,2221,110.0,,1.0,1.0,,1.0,1.0,1.0,1.0,2.0,2,,1.0,2.0,,1.0,2,1.0,,,1.0,,1.0,,,1.0,,,,,,,,,,,,,,
青衣體育館,青衣青綠街38號青衣市政大廈2樓,2495 4631,22.3540246,114.10654,/clpss/tc/webApp/FitnessRoomDetails.do?id=1425,1425,86.0,,1.0,1.0,,,1.0,1.0,1.0,2.0,2,,1.0,2.0,,1.0,2,,1.0,1.0,1.0,,1.0,,,1.0,,,,,,,,,,,,,,
荃灣體育館,新界荃灣永順街53號,2392 9570,22.3661393,114.1123562,/clpss/tc/webApp/FitnessRoomDetails.do?id=2118,2118,317.0,1.0,1.0,1.0,1.0,1.0,1.0,2.0,1.0,2.0,5,,,4.0,,1.0,5,1.0,,1.0,,1.0,,,,4.0,,1.0,,,5.0,,,,,,,,,
荃灣西約體育館,荃灣海安路68號,2412 0904,22.3704842,114.1005225,/clpss/tc/webApp/FitnessRoomDetails.do?id=1432,1432,51.0,,1.0,,,,1.0,,,2.0,1,,,,1.0,,2,,,1.0,,,,,,1.0,,,1.0,,,,1.0,,,,,,,
翠林體育館,將軍澳翠林邨,2703 1137,22.3225443,114.2484241,/clpss/tc/webApp/FitnessRoomDetails.do?id=1397,1397,121.0,,,,,1.0,1.0,1.0,1.0,4.0,2,,,3.0,,1.0,2,1.0,,1.0,,1.0,,1.0,,1.0,1.0,1.0,,,1.0,,,,,,,,,
東昌街體育館,大埔東昌街25號大埔東昌街康體大樓3樓,2691 2055,22.4496527,114.1702216,/clpss/tc/webApp/FitnessRoomDetails.do?id=2734,2734,210.0,1.0,1.0,1.0,1.0,,1.0,1.0,1.0,3.0,4,,,3.0,1.0,,3,,1.0,,1.0,,1.0,,,2.0,,,,,,,,,,,,,,
東涌文東路體育館,新界東涌文東路39號東涌巿政大樓2樓,2109 2421,22.290665,113.943863,/clpss/tc/webApp/FitnessRoomDetails.do?id=1438,1438,189.0,,1.0,1.0,,1.0,1.0,2.0,,3.0,4,,,1.0,1.0,,3,1.0,,1.0,,,1.0,,,3.0,,,2.0,,,,,,,,,,,
蕙荃體育館,荃灣廟崗街6號,2415 2621,22.3723904,114.1224974,/clpss/tc/webApp/FitnessRoomDetails.do?id=1431,1431,103.0,1.0,1.0,,1.0,1.0,1.0,,1.0,1.0,2,,,,,,2,,,,,,,1.0,,3.0,,,,,3.0,,2.0,,,,,,,
和興體育館,粉嶺和鳴里8號,2669 7057,22.484672,114.1431984,/clpss/tc/webApp/FitnessRoomDetails.do?id=1401,1401,118.0,1.0,1.0,1.0,1.0,1.0,1.0,2.0,,3.0,3,,,2.0,2.0,,2,,,,,,,,,2.0,,,,,,,,,,,,,,
友愛體育館,屯門興安里,2450 8850,22.3845548,113.9713336,/clpss/tc/webApp/FitnessRoomDetails.do?id=1428,1428,101.0,,1.0,,,,,2.0,,1.0,3,,1.0,3.0,1.0,,3,,,,,,,,,,,,,,1.0,,,,,,,,,1.0
楊屋道體育館,荃灣楊屋道45號楊屋道市政大廈4樓,2415 4445,22.36906,114.114597,/clpss/tc/webApp/FitnessRoomDetails.do?id=1430,1430,100.0,1.0,1.0,1.0,1.0,1.0,1.0,2.0,,2.0,4,,,,1.0,,3,,,,,,,,1.0,3.0,,,2.0,,,,,,,,,,,
圓洲角體育館,沙田銀城街35號,2509 9108,22.3795307,114.2045863,/clpss/tc/webApp/FitnessRoomDetails.do?id=1394,1394,278.0,1.0,1.0,1.0,1.0,,1.0,3.0,1.0,2.0,5,,,2.0,,,6,1.0,1.0,1.0,,1.0,,,,4.0,,,1.0,,5.0,,,1.0,,,,,1.0,
元朗體育館,元朗馬田路52號元朗文化康樂大樓3樓,2891 9207,22.4414289,114.0237795,/clpss/tc/webApp/FitnessRoomDetails.do?id=1447,1447,165.0,1.0,1.0,1.0,1.0,1.0,1.0,2.0,,2.0,4,,1.0,3.0,,,3,1.0,,,,1.0,1.0,,,3.0,,,,,1.0,,,,,,,,,
源禾路體育館,沙田源禾路8號,2604 5987,22.3828591,114.1926817,/clpss/tc/webApp/FitnessRoomDetails.do?id=1411,1411,93.0,,1.0,1.0,1.0,,1.0,2.0,1.0,3.0,2,,,2.0,1.0,,2,,1.0,1.0,,1.0,,1.0,,3.0,,,,,,,,1.0,,,,,,
