venue,district,region
香港仔體育館,南區,港島
香港仔網球及壁球中心,南區,港島
鴨脷洲體育館,南區,港島
柴灣體育館,東區,港島
港灣道體育館,灣仔區,港島
香港公園體育館,中西區,港島
港島東體育館,東區,港島
駱克道體育館,灣仔區,港島
鰂魚涌體育館,東區,港島
石塘咀體育館,中西區,港島
上環體育館,中西區,港島
士美非路體育館,中西區,港島
中山紀念公園體育館,中西區,港島
彩虹道體育館,黃大仙區,九龍東
竹園體育館,黃大仙區,九龍東
花園街體育館,油尖旺區,九龍西
佛光街體育館,九龍城區,九龍西
何文田體育館,九龍城區,九龍西
九龍公園體育館,油尖旺區,九龍西
官涌體育館,油尖旺區,九龍西
藍田(南)體育館,觀塘區,九龍東
鯉魚門體育館,觀塘區,九龍東
牛頭角道體育館,觀塘區,九龍東
北河街體育館,深水埗區,九龍西
蒲崗村道體育館,黃大仙區,九龍東
保安道體育館,深水埗區,九龍西
石硤尾公園體育館,深水埗區,九龍西
順利邨體育館,觀塘區,九龍東
大角咀體育館,油尖旺區,九龍西
土瓜灣體育館,九龍城區,九龍西
車公廟體育館,沙田區,新界東
長洲體育館,離島區,新界西
長發體育館,葵青區,新界西
富亨體育館,大埔區,新界東
富善體育館,大埔區,新界東
鳳琴街體育館,元朗區,新界西
楓樹窩體育館,葵青區,新界西
坑口體育館,西貢區,新界東
恆安體育館,沙田區,新界東
顯徑體育館,沙田區,新界東
香港單車館,西貢區,新界東
荔景體育館,葵青區,新界西
良田體育館,屯門區,新界西
朗屏體育館,元朗區,新界西
聯和墟體育館,北區,新界東
龍琛路體育館,北區,新界東
馬鞍山體育館,沙田區,新界東
美林體育館,沙田區,新界東
梅窩體育館,離島區,新界西
北葵涌鄧肇堅體育館,葵青區,新界西
林士德體育館,葵青區,新界西
坪洲體育館,離島區,新界西
寶林體育館,西貢區,新界東
保榮路體育館,北區,新界東
兆麟體育館,屯門區,新界西
大興體育館,屯門區,新界西
大埔墟體育館,大埔區,新界東
大埔體育館,大埔區,新界東
大窩口體育館,葵青區,新界西
太和體育館,大埔區,新界東
賽馬會屯門蝴蝶灣體育館,屯門區,新界西
天暉路體育館,元朗區,新界西
天平體育館,北區,新界東
天瑞體育館,元朗區,新界西
天水圍體育館,元朗區,新界西
調景嶺體育館,西貢區,新界東
將軍澳體育館,西貢區,新界東
青衣西南體育館,葵青區,新界西
青衣體育館,葵青區,新界西
荃灣體育館,荃灣區,新界西
荃灣西約體育館,荃灣區,新界西
翠林體育館,西貢區,新界東
東涌文東路體育館,離島區,新界西
蕙荃體育館,荃灣區,新界西
和興體育館,北區,新界東
友愛體育館,屯門區,新界西
楊屋道體育館,荃灣區,新界西
圓洲角體育館,沙田區,新界東
元朗體育館,元朗區,新界西
源禾路體育館,沙田區,新界東


