original_name,standard_name,main_category,sub_category,resistance_type,primary_muscles,notes
二頭肌組,二頭肌彎舉訓練器,固定式阻力訓練器械,上肢拉－二頭肌,插銷配重／槓桿式,肱二頭肌／肱肌,
二頭肌練習器,二頭肌彎舉訓練器,固定式阻力訓練器械,上肢拉－二頭肌,插銷配重／槓桿式,肱二頭肌／肱肌,
二頭肌練習機,二頭肌彎舉訓練器,固定式阻力訓練器械,上肢拉－二頭肌,插銷配重／槓桿式,肱二頭肌／肱肌,
二頭肌訓練器,二頭肌彎舉訓練器,固定式阻力訓練器械,上肢拉－二頭肌,插銷配重／槓桿式,肱二頭肌／肱肌,
二頭肌訓練機,二頭肌彎舉訓練器,固定式阻力訓練器械,上肢拉－二頭肌,插銷配重／槓桿式,肱二頭肌／肱肌,
二頭肌鍛練器,二頭肌彎舉訓練器,固定式阻力訓練器械,上肢拉－二頭肌,插銷配重／槓桿式,肱二頭肌／肱肌,
屈臂機,二頭肌彎舉訓練器,固定式阻力訓練器械,上肢拉－二頭肌,插銷配重／槓桿式,肱二頭肌／肱肌,
屈臂練習器,二頭肌彎舉訓練器,固定式阻力訓練器械,上肢拉－二頭肌,插銷配重／槓桿式,肱二頭肌／肱肌,
屈臂練習機,二頭肌彎舉訓練器,固定式阻力訓練器械,上肢拉－二頭肌,插銷配重／槓桿式,肱二頭肌／肱肌,
斜板彎舉練習器,二頭肌彎舉訓練器,固定式阻力訓練器械,上肢拉－二頭肌,插銷配重／槓桿式,肱二頭肌／肱肌,
斜板彎舉訓練器,二頭肌彎舉訓練器,固定式阻力訓練器械,上肢拉－二頭肌,插銷配重／槓桿式,肱二頭肌／肱肌,
上背肌拉力器,高拉下拉訓練機,固定式阻力訓練器械,上肢拉－垂直下拉,插銷配重／滑輪,背闊肌／大圓肌／肱二頭肌,
划艇拉力及高拉背肌訓練機,高拉下拉訓練機,固定式阻力訓練器械,上肢拉－垂直下拉,插銷配重／滑輪,背闊肌／大圓肌／肱二頭肌,
拉背機,高拉下拉訓練機,固定式阻力訓練器械,上肢拉－垂直下拉,插銷配重／滑輪,背闊肌／大圓肌／肱二頭肌,
拉背練習器,高拉下拉訓練機,固定式阻力訓練器械,上肢拉－垂直下拉,插銷配重／滑輪,背闊肌／大圓肌／肱二頭肌,
滑輪下拉/坐姿划船練習器,高拉下拉訓練機,固定式阻力訓練器械,上肢拉－垂直下拉,插銷配重／滑輪,背闊肌／大圓肌／肱二頭肌,
滑輪下拉訓練器,高拉下拉訓練機,固定式阻力訓練器械,上肢拉－垂直下拉,插銷配重／滑輪,背闊肌／大圓肌／肱二頭肌,
滑輪下拉訓練機,高拉下拉訓練機,固定式阻力訓練器械,上肢拉－垂直下拉,插銷配重／滑輪,背闊肌／大圓肌／肱二頭肌,
肩背高拉力練習器,高拉下拉訓練機,固定式阻力訓練器械,上肢拉－垂直下拉,插銷配重／滑輪,背闊肌／大圓肌／肱二頭肌,
背闊肌下拉/坐式划船練習器,高拉下拉訓練機,固定式阻力訓練器械,上肢拉－垂直下拉,插銷配重／滑輪,背闊肌／大圓肌／肱二頭肌,
背闊肌下拉練習器,高拉下拉訓練機,固定式阻力訓練器械,上肢拉－垂直下拉,插銷配重／滑輪,背闊肌／大圓肌／肱二頭肌,
高拉/低位背肌訓練機,高拉下拉訓練機,固定式阻力訓練器械,上肢拉－垂直下拉,插銷配重／滑輪,背闊肌／大圓肌／肱二頭肌,
高拉/低拉訓練機,高拉下拉訓練機,固定式阻力訓練器械,上肢拉－垂直下拉,插銷配重／滑輪,背闊肌／大圓肌／肱二頭肌,
高拉/划船背肌訓練器,高拉下拉訓練機,固定式阻力訓練器械,上肢拉－垂直下拉,插銷配重／滑輪,背闊肌／大圓肌／肱二頭肌,
高拉力機,高拉下拉訓練機,固定式阻力訓練器械,上肢拉－垂直下拉,插銷配重／滑輪,背闊肌／大圓肌／肱二頭肌,
高拉力練習器,高拉下拉訓練機,固定式阻力訓練器械,上肢拉－垂直下拉,插銷配重／滑輪,背闊肌／大圓肌／肱二頭肌,
高拉力練習機,高拉下拉訓練機,固定式阻力訓練器械,上肢拉－垂直下拉,插銷配重／滑輪,背闊肌／大圓肌／肱二頭肌,
高拉力背肌練習器,高拉下拉訓練機,固定式阻力訓練器械,上肢拉－垂直下拉,插銷配重／滑輪,背闊肌／大圓肌／肱二頭肌,
高拉力背肌訓練器,高拉下拉訓練機,固定式阻力訓練器械,上肢拉－垂直下拉,插銷配重／滑輪,背闊肌／大圓肌／肱二頭肌,
高拉力訓練器,高拉下拉訓練機,固定式阻力訓練器械,上肢拉－垂直下拉,插銷配重／滑輪,背闊肌／大圓肌／肱二頭肌,
高拉式背闊肌練習器,高拉下拉訓練機,固定式阻力訓練器械,上肢拉－垂直下拉,插銷配重／滑輪,背闊肌／大圓肌／肱二頭肌,
高拉機,高拉下拉訓練機,固定式阻力訓練器械,上肢拉－垂直下拉,插銷配重／滑輪,背闊肌／大圓肌／肱二頭肌,
高拉訓練機,高拉下拉訓練機,固定式阻力訓練器械,上肢拉－垂直下拉,插銷配重／滑輪,背闊肌／大圓肌／肱二頭肌,
下背肌拉力器,坐姿划船訓練機,固定式阻力訓練器械,上肢拉－水平划船,插銷配重／滑輪,背闊肌／菱形肌／中斜方肌／肱二頭肌,
背拉機,坐姿划船訓練機,固定式阻力訓練器械,上肢拉－水平划船,插銷配重／滑輪,背闊肌／菱形肌／中斜方肌／肱二頭肌,
背肌/中拉訓練器,坐姿划船訓練機,固定式阻力訓練器械,上肢拉－水平划船,插銷配重／滑輪,背闊肌／菱形肌／中斜方肌／肱二頭肌,
背肌拉力器,坐姿划船訓練機,固定式阻力訓練器械,上肢拉－水平划船,插銷配重／滑輪,背闊肌／菱形肌／中斜方肌／肱二頭肌,
坐姿飛鳥/ 後三角肌訓練器,胸式／反式飛鳥訓練機,固定式阻力訓練器械,上肢推及拉－飛鳥／反向飛鳥,插銷配重／槓桿式,胸大肌／後三角肌／中背,雙功能器材。
胸式 / 反式飛鳥練習器,胸式／反式飛鳥訓練機,固定式阻力訓練器械,上肢推及拉－飛鳥／反向飛鳥,插銷配重／槓桿式,胸大肌／後三角肌／中背,雙功能器材。
胸式 /反式飛鳥練習 器,胸式／反式飛鳥訓練機,固定式阻力訓練器械,上肢推及拉－飛鳥／反向飛鳥,插銷配重／槓桿式,胸大肌／後三角肌／中背,雙功能器材。
胸式/反式飛鳥練習,胸式／反式飛鳥訓練機,固定式阻力訓練器械,上肢推及拉－飛鳥／反向飛鳥,插銷配重／槓桿式,胸大肌／後三角肌／中背,雙功能器材。
胸式/反式飛鳥練習器,胸式／反式飛鳥訓練機,固定式阻力訓練器械,上肢推及拉－飛鳥／反向飛鳥,插銷配重／槓桿式,胸大肌／後三角肌／中背,雙功能器材。
胸式／反式飛鳥練習器,胸式／反式飛鳥訓練機,固定式阻力訓練器械,上肢推及拉－飛鳥／反向飛鳥,插銷配重／槓桿式,胸大肌／後三角肌／中背,雙功能器材。
蝴蝶及後背肌訓練器,胸式／反式飛鳥訓練機,固定式阻力訓練器械,上肢推及拉－飛鳥／反向飛鳥,插銷配重／槓桿式,胸大肌／後三角肌／中背,雙功能器材。
蝴蝶式推胸及後背肌練習器,胸式／反式飛鳥訓練機,固定式阻力訓練器械,上肢推及拉－飛鳥／反向飛鳥,插銷配重／槓桿式,胸大肌／後三角肌／中背,雙功能器材。
蝴蝶式推胸及後背肌練習機,胸式／反式飛鳥訓練機,固定式阻力訓練器械,上肢推及拉－飛鳥／反向飛鳥,插銷配重／槓桿式,胸大肌／後三角肌／中背,雙功能器材。
蝴蝶式推胸及背肌訓練器,胸式／反式飛鳥訓練機,固定式阻力訓練器械,上肢推及拉－飛鳥／反向飛鳥,插銷配重／槓桿式,胸大肌／後三角肌／中背,雙功能器材。
蝴蝶式胸肌/背肌訓練器,胸式／反式飛鳥訓練機,固定式阻力訓練器械,上肢推及拉－飛鳥／反向飛鳥,插銷配重／槓桿式,胸大肌／後三角肌／中背,雙功能器材。
三頭肌伸臂練習器,三頭肌伸展訓練器,固定式阻力訓練器械,上肢推－三頭肌,插銷配重／槓桿式,肱三頭肌,
三頭肌練習器,三頭肌伸展訓練器,固定式阻力訓練器械,上肢推－三頭肌,插銷配重／槓桿式,肱三頭肌,
三頭肌練習機,三頭肌伸展訓練器,固定式阻力訓練器械,上肢推－三頭肌,插銷配重／槓桿式,肱三頭肌,
三頭肌訓練機,三頭肌伸展訓練器,固定式阻力訓練器械,上肢推－三頭肌,插銷配重／槓桿式,肱三頭肌,
二/三頭肌伸臂練習器,三頭肌伸展訓練器,固定式阻力訓練器械,上肢推－三頭肌,插銷配重／槓桿式,肱三頭肌,
二/三頭肌鍛練器,三頭肌伸展訓練器,固定式阻力訓練器械,上肢推－三頭肌,插銷配重／槓桿式,肱三頭肌,
二、三頭肌練習器,三頭肌伸展訓練器,固定式阻力訓練器械,上肢推－三頭肌,插銷配重／槓桿式,肱三頭肌,
二頭肌 / 三頭肌練習器,三頭肌伸展訓練器,固定式阻力訓練器械,上肢推－三頭肌,插銷配重／槓桿式,肱三頭肌,
二頭肌/ 三頭肌練習器,三頭肌伸展訓練器,固定式阻力訓練器械,上肢推－三頭肌,插銷配重／槓桿式,肱三頭肌,
二頭肌/三頭肌練習器,三頭肌伸展訓練器,固定式阻力訓練器械,上肢推－三頭肌,插銷配重／槓桿式,肱三頭肌,
二頭肌/三頭肌訓練機,三頭肌伸展訓練器,固定式阻力訓練器械,上肢推－三頭肌,插銷配重／槓桿式,肱三頭肌,
二頭肌伸臂練習器,三頭肌伸展訓練器,固定式阻力訓練器械,上肢推－三頭肌,插銷配重／槓桿式,肱三頭肌,
二頭肌及三頭肌伸臂練習器,三頭肌伸展訓練器,固定式阻力訓練器械,上肢推－三頭肌,插銷配重／槓桿式,肱三頭肌,
伸臂機,三頭肌伸展訓練器,固定式阻力訓練器械,上肢推－三頭肌,插銷配重／槓桿式,肱三頭肌,
屈臂/三頭肌伸臂練習器,三頭肌伸展訓練器,固定式阻力訓練器械,上肢推－三頭肌,插銷配重／槓桿式,肱三頭肌,
推舉式三頭肌練習器,三頭肌伸展訓練器,固定式阻力訓練器械,上肢推－三頭肌,插銷配重／槓桿式,肱三頭肌,
側平舉機,側平舉訓練機,固定式阻力訓練器械,上肢推－肩部,插銷配重／槓桿式,三角肌中束,
側平舉練習機,側平舉訓練機,固定式阻力訓練器械,上肢推－肩部,插銷配重／槓桿式,三角肌中束,
側平舉訓練機,側平舉訓練機,固定式阻力訓練器械,上肢推－肩部,插銷配重／槓桿式,三角肌中束,
側肩平舉練習器,側平舉訓練機,固定式阻力訓練器械,上肢推－肩部,插銷配重／槓桿式,三角肌中束,
肩部側舉訓練機,側平舉訓練機,固定式阻力訓練器械,上肢推－肩部,插銷配重／槓桿式,三角肌中束,
推肩練習器,肩部推舉訓練機,固定式阻力訓練器械,上肢推－肩部,插銷配重／槓桿式,三角肌／肱三頭肌,
推肩訓練器,肩部推舉訓練機,固定式阻力訓練器械,上肢推－肩部,插銷配重／槓桿式,三角肌／肱三頭肌,
推胸/推肩練習器,肩部推舉訓練機,固定式阻力訓練器械,上肢推－肩部,插銷配重／槓桿式,三角肌／肱三頭肌,
推胸及肩膀推舉機,肩部推舉訓練機,固定式阻力訓練器械,上肢推－肩部,插銷配重／槓桿式,三角肌／肱三頭肌,
推膊練習器,肩部推舉訓練機,固定式阻力訓練器械,上肢推－肩部,插銷配重／槓桿式,三角肌／肱三頭肌,
推膊練習機,肩部推舉訓練機,固定式阻力訓練器械,上肢推－肩部,插銷配重／槓桿式,三角肌／肱三頭肌,
肩上推舉/推胸練習器,肩部推舉訓練機,固定式阻力訓練器械,上肢推－肩部,插銷配重／槓桿式,三角肌／肱三頭肌,
肩上推舉機,肩部推舉訓練機,固定式阻力訓練器械,上肢推－肩部,插銷配重／槓桿式,三角肌／肱三頭肌,
肩上推舉練習器,肩部推舉訓練機,固定式阻力訓練器械,上肢推－肩部,插銷配重／槓桿式,三角肌／肱三頭肌,
肩上推舉訓練器,肩部推舉訓練機,固定式阻力訓練器械,上肢推－肩部,插銷配重／槓桿式,三角肌／肱三頭肌,
肩上推舉訓練機,肩部推舉訓練機,固定式阻力訓練器械,上肢推－肩部,插銷配重／槓桿式,三角肌／肱三頭肌,
肩推舉機,肩部推舉訓練機,固定式阻力訓練器械,上肢推－肩部,插銷配重／槓桿式,三角肌／肱三頭肌,
肩膀推舉機,肩部推舉訓練機,固定式阻力訓練器械,上肢推－肩部,插銷配重／槓桿式,三角肌／肱三頭肌,
肩膀推舉練習器,肩部推舉訓練機,固定式阻力訓練器械,上肢推－肩部,插銷配重／槓桿式,三角肌／肱三頭肌,
肩膀推舉訓練器,肩部推舉訓練機,固定式阻力訓練器械,上肢推－肩部,插銷配重／槓桿式,三角肌／肱三頭肌,
肩部推舉機,肩部推舉訓練機,固定式阻力訓練器械,上肢推－肩部,插銷配重／槓桿式,三角肌／肱三頭肌,
胸推/肩上推舉練習器,肩部推舉訓練機,固定式阻力訓練器械,上肢推－肩部,插銷配重／槓桿式,三角肌／肱三頭肌,
健胸機,坐姿推胸機,固定式阻力訓練器械,上肢推－胸部,插銷配重／槓桿式,胸大肌／肱三頭肌／前三角肌,
坐姿推胸練習器,坐姿推胸機,固定式阻力訓練器械,上肢推－胸部,插銷配重／槓桿式,胸大肌／肱三頭肌／前三角肌,
坐姿推胸訓練器,坐姿推胸機,固定式阻力訓練器械,上肢推－胸部,插銷配重／槓桿式,胸大肌／肱三頭肌／前三角肌,
坐姿推胸訓練機,坐姿推胸機,固定式阻力訓練器械,上肢推－胸部,插銷配重／槓桿式,胸大肌／肱三頭肌／前三角肌,
坐式推胸訓練器,坐姿推胸機,固定式阻力訓練器械,上肢推－胸部,插銷配重／槓桿式,胸大肌／肱三頭肌／前三角肌,
多功能肩膊推舉及推胸練習器,坐姿推胸機,固定式阻力訓練器械,上肢推－胸部,插銷配重／槓桿式,胸大肌／肱三頭肌／前三角肌,
多用途推胸機,坐姿推胸機,固定式阻力訓練器械,上肢推－胸部,插銷配重／槓桿式,胸大肌／肱三頭肌／前三角肌,
多用途推胸練習器,坐姿推胸機,固定式阻力訓練器械,上肢推－胸部,插銷配重／槓桿式,胸大肌／肱三頭肌／前三角肌,
推胸器,坐姿推胸機,固定式阻力訓練器械,上肢推－胸部,插銷配重／槓桿式,胸大肌／肱三頭肌／前三角肌,
推胸機,坐姿推胸機,固定式阻力訓練器械,上肢推－胸部,插銷配重／槓桿式,胸大肌／肱三頭肌／前三角肌,
推胸練習器,坐姿推胸機,固定式阻力訓練器械,上肢推－胸部,插銷配重／槓桿式,胸大肌／肱三頭肌／前三角肌,
推胸練習機,坐姿推胸機,固定式阻力訓練器械,上肢推－胸部,插銷配重／槓桿式,胸大肌／肱三頭肌／前三角肌,
胸推舉機,坐姿推胸機,固定式阻力訓練器械,上肢推－胸部,插銷配重／槓桿式,胸大肌／肱三頭肌／前三角肌,
胸部推舉機,坐姿推胸機,固定式阻力訓練器械,上肢推－胸部,插銷配重／槓桿式,胸大肌／肱三頭肌／前三角肌,
划船及擴胸訓練器,蝴蝶機／飛鳥機,固定式阻力訓練器械,上肢推－胸部飛鳥,插銷配重／槓桿式,胸大肌／前三角肌,
推胸機/擴胸機,蝴蝶機／飛鳥機,固定式阻力訓練器械,上肢推－胸部飛鳥,插銷配重／槓桿式,胸大肌／前三角肌,
擴胸機,蝴蝶機／飛鳥機,固定式阻力訓練器械,上肢推－胸部飛鳥,插銷配重／槓桿式,胸大肌／前三角肌,
胸式飛鳥練習器,蝴蝶機／飛鳥機,固定式阻力訓練器械,上肢推－胸部飛鳥,插銷配重／槓桿式,胸大肌／前三角肌,
蝴蝶式夾胸 / 擴胸練習器,蝴蝶機／飛鳥機,固定式阻力訓練器械,上肢推－胸部飛鳥,插銷配重／槓桿式,胸大肌／前三角肌,
蝴蝶式夾胸/擴胸練習器,蝴蝶機／飛鳥機,固定式阻力訓練器械,上肢推－胸部飛鳥,插銷配重／槓桿式,胸大肌／前三角肌,
蝴蝶式推胸練習器,蝴蝶機／飛鳥機,固定式阻力訓練器械,上肢推－胸部飛鳥,插銷配重／槓桿式,胸大肌／前三角肌,
蝴蝶式擴胸訓練機,蝴蝶機／飛鳥機,固定式阻力訓練器械,上肢推－胸部飛鳥,插銷配重／槓桿式,胸大肌／前三角肌,
蝴蝶式胸肌練習器,蝴蝶機／飛鳥機,固定式阻力訓練器械,上肢推－胸部飛鳥,插銷配重／槓桿式,胸大肌／前三角肌,
蝴蝶式胸肌訓練機,蝴蝶機／飛鳥機,固定式阻力訓練器械,上肢推－胸部飛鳥,插銷配重／槓桿式,胸大肌／前三角肌,
蝴蝶機,蝴蝶機／飛鳥機,固定式阻力訓練器械,上肢推－胸部飛鳥,插銷配重／槓桿式,胸大肌／前三角肌,
蝶式擴胸器,蝴蝶機／飛鳥機,固定式阻力訓練器械,上肢推－胸部飛鳥,插銷配重／槓桿式,胸大肌／前三角肌,
蝶式擴胸機,蝴蝶機／飛鳥機,固定式阻力訓練器械,上肢推－胸部飛鳥,插銷配重／槓桿式,胸大肌／前三角肌,
雙向擴胸器,蝴蝶機／飛鳥機,固定式阻力訓練器械,上肢推－胸部飛鳥,插銷配重／槓桿式,胸大肌／前三角肌,
飛鳥機,蝴蝶機／飛鳥機,固定式阻力訓練器械,上肢推－胸部飛鳥,插銷配重／槓桿式,胸大肌／前三角肌,
飛鳥練習器,蝴蝶機／飛鳥機,固定式阻力訓練器械,上肢推－胸部飛鳥,插銷配重／槓桿式,胸大肌／前三角肌,
前大腿及外側肌肉鍛練器,腿伸展訓練機,固定式阻力訓練器械,下肢－股四頭肌,插銷配重／槓桿式,股四頭肌,
腿部及四頭肌鍛鍊器,腿伸展訓練機,固定式阻力訓練器械,下肢－股四頭肌,插銷配重／槓桿式,股四頭肌,
伸腿/屈腿機,腿彎舉訓練機,固定式阻力訓練器械,下肢－腿後肌,插銷配重／槓桿式,腿後肌群／腓腸肌,
俯仰腿彎舉練習器,腿彎舉訓練機,固定式阻力訓練器械,下肢－腿後肌,插銷配重／槓桿式,腿後肌群／腓腸肌,
俯臥式大腿後肌練習器,腿彎舉訓練機,固定式阻力訓練器械,下肢－腿後肌,插銷配重／槓桿式,腿後肌群／腓腸肌,
坐姿腿彎舉訓練器,腿彎舉訓練機,固定式阻力訓練器械,下肢－腿後肌,插銷配重／槓桿式,腿後肌群／腓腸肌,
坐姿腿彎舉訓練機,腿彎舉訓練機,固定式阻力訓練器械,下肢－腿後肌,插銷配重／槓桿式,腿後肌群／腓腸肌,
大腿後肌練習器,腿彎舉訓練機,固定式阻力訓練器械,下肢－腿後肌,插銷配重／槓桿式,腿後肌群／腓腸肌,
屈腿機,腿彎舉訓練機,固定式阻力訓練器械,下肢－腿後肌,插銷配重／槓桿式,腿後肌群／腓腸肌,
屈腿練習器,腿彎舉訓練機,固定式阻力訓練器械,下肢－腿後肌,插銷配重／槓桿式,腿後肌群／腓腸肌,
屈腿練習機,腿彎舉訓練機,固定式阻力訓練器械,下肢－腿後肌,插銷配重／槓桿式,腿後肌群／腓腸肌,
後大腿屈曲訓練器,腿彎舉訓練機,固定式阻力訓練器械,下肢－腿後肌,插銷配重／槓桿式,腿後肌群／腓腸肌,
後腿屈接練習機,腿彎舉訓練機,固定式阻力訓練器械,下肢－腿後肌,插銷配重／槓桿式,腿後肌群／腓腸肌,
後腿屈曲機,腿彎舉訓練機,固定式阻力訓練器械,下肢－腿後肌,插銷配重／槓桿式,腿後肌群／腓腸肌,
後腿屈曲練習機,腿彎舉訓練機,固定式阻力訓練器械,下肢－腿後肌,插銷配重／槓桿式,腿後肌群／腓腸肌,
腿屈伸/腿彎舉練習器,腿彎舉訓練機,固定式阻力訓練器械,下肢－腿後肌,插銷配重／槓桿式,腿後肌群／腓腸肌,
腿彎舉/屈伸練習器,腿彎舉訓練機,固定式阻力訓練器械,下肢－腿後肌,插銷配重／槓桿式,腿後肌群／腓腸肌,
腿彎舉/腿屈伸練習器,腿彎舉訓練機,固定式阻力訓練器械,下肢－腿後肌,插銷配重／槓桿式,腿後肌群／腓腸肌,
腿彎舉練習器,腿彎舉訓練機,固定式阻力訓練器械,下肢－腿後肌,插銷配重／槓桿式,腿後肌群／腓腸肌,
臥姿腿部彎曲機,腿彎舉訓練機,固定式阻力訓練器械,下肢－腿後肌,插銷配重／槓桿式,腿後肌群／腓腸肌,
坐姿撐腿練習器,腿推／蹬腿訓練機,固定式阻力訓練器械,下肢－腿推／蹬腿,插銷配重／槓片式,股四頭肌／臀大肌／腿後肌,
坐姿撐腿訓練器,腿推／蹬腿訓練機,固定式阻力訓練器械,下肢－腿推／蹬腿,插銷配重／槓片式,股四頭肌／臀大肌／腿後肌,
坐姿撐腿訓練機,腿推／蹬腿訓練機,固定式阻力訓練器械,下肢－腿推／蹬腿,插銷配重／槓片式,股四頭肌／臀大肌／腿後肌,
坐式蹬腿練習器,腿推／蹬腿訓練機,固定式阻力訓練器械,下肢－腿推／蹬腿,插銷配重／槓片式,股四頭肌／臀大肌／腿後肌,
大腿推蹬器,腿推／蹬腿訓練機,固定式阻力訓練器械,下肢－腿推／蹬腿,插銷配重／槓片式,股四頭肌／臀大肌／腿後肌,
大腿推蹬機,腿推／蹬腿訓練機,固定式阻力訓練器械,下肢－腿推／蹬腿,插銷配重／槓片式,股四頭肌／臀大肌／腿後肌,
大腿推蹬練習器,腿推／蹬腿訓練機,固定式阻力訓練器械,下肢－腿推／蹬腿,插銷配重／槓片式,股四頭肌／臀大肌／腿後肌,
大腿推蹬訓練機,腿推／蹬腿訓練機,固定式阻力訓練器械,下肢－腿推／蹬腿,插銷配重／槓片式,股四頭肌／臀大肌／腿後肌,
座式蹬腿機,腿推／蹬腿訓練機,固定式阻力訓練器械,下肢－腿推／蹬腿,插銷配重／槓片式,股四頭肌／臀大肌／腿後肌,
座式蹬腿練習器,腿推／蹬腿訓練機,固定式阻力訓練器械,下肢－腿推／蹬腿,插銷配重／槓片式,股四頭肌／臀大肌／腿後肌,
推腿練習器,腿推／蹬腿訓練機,固定式阻力訓練器械,下肢－腿推／蹬腿,插銷配重／槓片式,股四頭肌／臀大肌／腿後肌,
撐腿/蹲腿練習器,腿推／蹬腿訓練機,固定式阻力訓練器械,下肢－腿推／蹬腿,插銷配重／槓片式,股四頭肌／臀大肌／腿後肌,
撐腿練習器,腿推／蹬腿訓練機,固定式阻力訓練器械,下肢－腿推／蹬腿,插銷配重／槓片式,股四頭肌／臀大肌／腿後肌,
蹬腿機,腿推／蹬腿訓練機,固定式阻力訓練器械,下肢－腿推／蹬腿,插銷配重／槓片式,股四頭肌／臀大肌／腿後肌,
蹬腿練習器,腿推／蹬腿訓練機,固定式阻力訓練器械,下肢－腿推／蹬腿,插銷配重／槓片式,股四頭肌／臀大肌／腿後肌,
蹬腿練習機,腿推／蹬腿訓練機,固定式阻力訓練器械,下肢－腿推／蹬腿,插銷配重／槓片式,股四頭肌／臀大肌／腿後肌,
蹬腿訓練器,腿推／蹬腿訓練機,固定式阻力訓練器械,下肢－腿推／蹬腿,插銷配重／槓片式,股四頭肌／臀大肌／腿後肌,
蹬腿訓練機,腿推／蹬腿訓練機,固定式阻力訓練器械,下肢－腿推／蹬腿,插銷配重／槓片式,股四頭肌／臀大肌／腿後肌,
全動作臀部訓練機,臀部／髖部訓練器,固定式阻力訓練器械,下肢－臀部及髖關節,插銷配重／槓桿式,臀大肌／臀中肌／髖屈肌,
多功能臀部訓練器,臀部／髖部訓練器,固定式阻力訓練器械,下肢－臀部及髖關節,插銷配重／槓桿式,臀大肌／臀中肌／髖屈肌,
多功能髖部練習器,臀部／髖部訓練器,固定式阻力訓練器械,下肢－臀部及髖關節,插銷配重／槓桿式,臀大肌／臀中肌／髖屈肌,
臀肌練習器,臀部／髖部訓練器,固定式阻力訓練器械,下肢－臀部及髖關節,插銷配重／槓桿式,臀大肌／臀中肌／髖屈肌,
臀部練習器,臀部／髖部訓練器,固定式阻力訓練器械,下肢－臀部及髖關節,插銷配重／槓桿式,臀大肌／臀中肌／髖屈肌,
臀部練習機,臀部／髖部訓練器,固定式阻力訓練器械,下肢－臀部及髖關節,插銷配重／槓桿式,臀大肌／臀中肌／髖屈肌,
坐姿大腿內收訓練器,大腿內收／外展訓練器,固定式阻力訓練器械,下肢－髖內收／外展,插銷配重／槓桿式,大腿內收肌群／臀中肌／臀小肌,
坐姿大腿外展訓練器,大腿內收／外展訓練器,固定式阻力訓練器械,下肢－髖內收／外展,插銷配重／槓桿式,大腿內收肌群／臀中肌／臀小肌,
大腿內外側練習器,大腿內收／外展訓練器,固定式阻力訓練器械,下肢－髖內收／外展,插銷配重／槓桿式,大腿內收肌群／臀中肌／臀小肌,
大腿內外側訓練器,大腿內收／外展訓練器,固定式阻力訓練器械,下肢－髖內收／外展,插銷配重／槓桿式,大腿內收肌群／臀中肌／臀小肌,
大腿內收及外展練習器,大腿內收／外展訓練器,固定式阻力訓練器械,下肢－髖內收／外展,插銷配重／槓桿式,大腿內收肌群／臀中肌／臀小肌,
大腿內收及外展訓練器,大腿內收／外展訓練器,固定式阻力訓練器械,下肢－髖內收／外展,插銷配重／槓桿式,大腿內收肌群／臀中肌／臀小肌,
大腿內收外展訓練機,大腿內收／外展訓練器,固定式阻力訓練器械,下肢－髖內收／外展,插銷配重／槓桿式,大腿內收肌群／臀中肌／臀小肌,
大腿外/內側練習器,大腿內收／外展訓練器,固定式阻力訓練器械,下肢－髖內收／外展,插銷配重／槓桿式,大腿內收肌群／臀中肌／臀小肌,
大腿外側/內側練習器,大腿內收／外展訓練器,固定式阻力訓練器械,下肢－髖內收／外展,插銷配重／槓桿式,大腿內收肌群／臀中肌／臀小肌,
腿內收/外展練習器,大腿內收／外展訓練器,固定式阻力訓練器械,下肢－髖內收／外展,插銷配重／槓桿式,大腿內收肌群／臀中肌／臀小肌,
腿部內彎機 / 外彎機,大腿內收／外展訓練器,固定式阻力訓練器械,下肢－髖內收／外展,插銷配重／槓桿式,大腿內收肌群／臀中肌／臀小肌,
腿部外彎/內彎練習器,大腿內收／外展訓練器,固定式阻力訓練器械,下肢－髖內收／外展,插銷配重／槓桿式,大腿內收肌群／臀中肌／臀小肌,
-10∘至80∘可調較舉重椅,-10度至80度可調較舉重椅,待覆核,未能由名稱可靠判斷,待確認,待確認,建議以器材相片、製造商型號或場館實物確認。
三角肌及背肌鍛練器,三角肌及背肌鍛鍊器,待覆核,未能由名稱可靠判斷,待確認,待確認,建議以器材相片、製造商型號或場館實物確認。
三角肌訓練器,三角肌訓練器,待覆核,未能由名稱可靠判斷,待確認,待確認,建議以器材相片、製造商型號或場館實物確認。
三角肌訓練機,三角肌訓練機,待覆核,未能由名稱可靠判斷,待確認,待確認,建議以器材相片、製造商型號或場館實物確認。
上身訓練器,上身訓練器,待覆核,未能由名稱可靠判斷,待確認,待確認,建議以器材相片、製造商型號或場館實物確認。
下腹練習器/臂懸架,下腹練習器/臂懸架,待覆核,未能由名稱可靠判斷,待確認,待確認,建議以器材相片、製造商型號或場館實物確認。
俯仰舉體練習器,俯仰舉體練習器,待覆核,未能由名稱可靠判斷,待確認,待確認,建議以器材相片、製造商型號或場館實物確認。
俯仰舉體訓練器,俯仰舉體訓練器,待覆核,未能由名稱可靠判斷,待確認,待確認,建議以器材相片、製造商型號或場館實物確認。
俯伏肌背起練習器,俯伏肌背起練習器,待覆核,未能由名稱可靠判斷,待確認,待確認,建議以器材相片、製造商型號或場館實物確認。
俯式平衡屈接大腿訓練器,俯式平衡屈接大腿訓練器,待覆核,未能由名稱可靠判斷,待確認,待確認,建議以器材相片、製造商型號或場館實物確認。
健身球,健身球,待覆核,未能由名稱可靠判斷,待確認,待確認,建議以器材相片、製造商型號或場館實物確認。
划船練習器,划船練習器,待覆核,未能由名稱可靠判斷,待確認,待確認,建議以器材相片、製造商型號或場館實物確認。
划艇練習器,划艇練習器,待覆核,未能由名稱可靠判斷,待確認,待確認,建議以器材相片、製造商型號或場館實物確認。
則平舉練習機,則平舉練習機,待覆核,未能由名稱可靠判斷,待確認,待確認,建議以器材相片、製造商型號或場館實物確認。
前臂、上臂、三角肌、斜方肌、胸肌等多功能鍛練器,前臂、上臂、三角肌、斜方肌、胸肌等多功能鍛鍊器,待覆核,未能由名稱可靠判斷,待確認,待確認,建議以器材相片、製造商型號或場館實物確認。
可調節下斜台板,可調節下斜台板,待覆核,未能由名稱可靠判斷,待確認,待確認,建議以器材相片、製造商型號或場館實物確認。
可調較倒斜椅,可調較倒斜椅,待覆核,未能由名稱可靠判斷,待確認,待確認,建議以器材相片、製造商型號或場館實物確認。
台階訓練器,台階訓練器,待覆核,未能由名稱可靠判斷,待確認,待確認,建議以器材相片、製造商型號或場館實物確認。
坐式伸腿練習器,坐式伸腿練習器,待覆核,未能由名稱可靠判斷,待確認,待確認,建議以器材相片、製造商型號或場館實物確認。
坐式曲腿訓練機,坐式曲腿訓練機,待覆核,未能由名稱可靠判斷,待確認,待確認,建議以器材相片、製造商型號或場館實物確認。
坐式肩膊練習器,坐式肩膊練習器,待覆核,未能由名稱可靠判斷,待確認,待確認,建議以器材相片、製造商型號或場館實物確認。
坐腿撐機,坐腿撐機,待覆核,未能由名稱可靠判斷,待確認,待確認,建議以器材相片、製造商型號或場館實物確認。
多功能推舉練習器,多功能推舉練習器,待覆核,未能由名稱可靠判斷,待確認,待確認,建議以器材相片、製造商型號或場館實物確認。
多功能推舉訓練器,多功能推舉訓練器,待覆核,未能由名稱可靠判斷,待確認,待確認,建議以器材相片、製造商型號或場館實物確認。
多功能推舉訓練機,多功能推舉訓練機,待覆核,未能由名稱可靠判斷,待確認,待確認,建議以器材相片、製造商型號或場館實物確認。
多功能練習器,多功能練習器,待覆核,未能由名稱可靠判斷,待確認,待確認,建議以器材相片、製造商型號或場館實物確認。
多功能訓練器,多功能訓練器,待覆核,未能由名稱可靠判斷,待確認,待確認,建議以器材相片、製造商型號或場館實物確認。
多功能訓練機,多功能訓練機,待覆核,未能由名稱可靠判斷,待確認,待確認,建議以器材相片、製造商型號或場館實物確認。
多用途練習機,多用途練習機,待覆核,未能由名稱可靠判斷,待確認,待確認,建議以器材相片、製造商型號或場館實物確認。
多角度調較座椅,多角度調較座椅,待覆核,未能由名稱可靠判斷,待確認,待確認,建議以器材相片、製造商型號或場館實物確認。
大腿內/外側練習器,大腿內/外側練習器,待覆核,未能由名稱可靠判斷,待確認,待確認,建議以器材相片、製造商型號或場館實物確認。
大腿內/外側訓練器,大腿內/外側訓練器,待覆核,未能由名稱可靠判斷,待確認,待確認,建議以器材相片、製造商型號或場館實物確認。
大腿内外側肌肉訓練機,大腿内外側肌肉訓練機,待覆核,未能由名稱可靠判斷,待確認,待確認,建議以器材相片、製造商型號或場館實物確認。
大腿外側 / 內側練習器,大腿外側 / 內側練習器,待覆核,未能由名稱可靠判斷,待確認,待確認,建議以器材相片、製造商型號或場館實物確認。
大腿屈伸練習器,大腿屈伸練習器,待覆核,未能由名稱可靠判斷,待確認,待確認,建議以器材相片、製造商型號或場館實物確認。
大腿屈伸練習機,大腿屈伸練習機,待覆核,未能由名稱可靠判斷,待確認,待確認,建議以器材相片、製造商型號或場館實物確認。
大腿屈接練習器,大腿屈接練習器,待覆核,未能由名稱可靠判斷,待確認,待確認,建議以器材相片、製造商型號或場館實物確認。
大腿曲接練習器,大腿曲接練習器,待覆核,未能由名稱可靠判斷,待確認,待確認,建議以器材相片、製造商型號或場館實物確認。
大腿練習器,大腿練習器,待覆核,未能由名稱可靠判斷,待確認,待確認,建議以器材相片、製造商型號或場館實物確認。
專業型緩步運轉器,專業型緩步運轉器,待覆核,未能由名稱可靠判斷,待確認,待確認,建議以器材相片、製造商型號或場館實物確認。
屈舉練習器,屈舉練習器,待覆核,未能由名稱可靠判斷,待確認,待確認,建議以器材相片、製造商型號或場館實物確認。
平屈摺胸機,平屈摺胸機,待覆核,未能由名稱可靠判斷,待確認,待確認,建議以器材相片、製造商型號或場館實物確認。
座式大腿屈伸機,座式大腿屈伸機,待覆核,未能由名稱可靠判斷,待確認,待確認,建議以器材相片、製造商型號或場館實物確認。
座式大腿屈伸練習器,座式大腿屈伸練習器,待覆核,未能由名稱可靠判斷,待確認,待確認,建議以器材相片、製造商型號或場館實物確認。
座式大腿曲接練習器,座式大腿曲接練習器,待覆核,未能由名稱可靠判斷,待確認,待確認,建議以器材相片、製造商型號或場館實物確認。
引體上升 / 提舉練習器,引體上升 / 提舉練習器,待覆核,未能由名稱可靠判斷,待確認,待確認,建議以器材相片、製造商型號或場館實物確認。
引體上升/提舉練習器,引體上升/提舉練習器,待覆核,未能由名稱可靠判斷,待確認,待確認,建議以器材相片、製造商型號或場館實物確認。
引體上升機,引體上升機,待覆核,未能由名稱可靠判斷,待確認,待確認,建議以器材相片、製造商型號或場館實物確認。
引體上升練習器,引體上升練習器,待覆核,未能由名稱可靠判斷,待確認,待確認,建議以器材相片、製造商型號或場館實物確認。
引體上升練習機,引體上升練習機,待覆核,未能由名稱可靠判斷,待確認,待確認,建議以器材相片、製造商型號或場館實物確認。
引體上升訓練器,引體上升訓練器,待覆核,未能由名稱可靠判斷,待確認,待確認,建議以器材相片、製造商型號或場館實物確認。
引體向上訓練機,引體向上訓練機,待覆核,未能由名稱可靠判斷,待確認,待確認,建議以器材相片、製造商型號或場館實物確認。
弧形訓練器,弧形訓練器,待覆核,未能由名稱可靠判斷,待確認,待確認,建議以器材相片、製造商型號或場館實物確認。
後大腿肌肉鍛練器,後大腿肌肉鍛鍊器,待覆核,未能由名稱可靠判斷,待確認,待確認,建議以器材相片、製造商型號或場館實物確認。
後腰練習器,後腰練習器,待覆核,未能由名稱可靠判斷,待確認,待確認,建議以器材相片、製造商型號或場館實物確認。
手臂 (三角肌)訓練器,手臂(三角肌)訓練器,待覆核,未能由名稱可靠判斷,待確認,待確認,建議以器材相片、製造商型號或場館實物確認。
手輪機,手輪機,待覆核,未能由名稱可靠判斷,待確認,待確認,建議以器材相片、製造商型號或場館實物確認。
提舉/引體上升練習器,提舉/引體上升練習器,待覆核,未能由名稱可靠判斷,待確認,待確認,建議以器材相片、製造商型號或場館實物確認。
旋轉訓練器,旋轉訓練器,待覆核,未能由名稱可靠判斷,待確認,待確認,建議以器材相片、製造商型號或場館實物確認。
旋轉訓練機,旋轉訓練機,待覆核,未能由名稱可靠判斷,待確認,待確認,建議以器材相片、製造商型號或場館實物確認。
肩膊推舉練習器,肩膊推舉練習器,待覆核,未能由名稱可靠判斷,待確認,待確認,建議以器材相片、製造商型號或場館實物確認。
肩膊肌練習器,肩膊肌練習器,待覆核,未能由名稱可靠判斷,待確認,待確認,建議以器材相片、製造商型號或場館實物確認。
背肌練習器,背肌練習器,待覆核,未能由名稱可靠判斷,待確認,待確認,建議以器材相片、製造商型號或場館實物確認。
背肌訓練器,背肌訓練器,待覆核,未能由名稱可靠判斷,待確認,待確認,建議以器材相片、製造商型號或場館實物確認。
背肌鍛練器,背肌鍛鍊器,待覆核,未能由名稱可靠判斷,待確認,待確認,建議以器材相片、製造商型號或場館實物確認。
背部練習器,背部練習器,待覆核,未能由名稱可靠判斷,待確認,待確認,建議以器材相片、製造商型號或場館實物確認。
背部訓練器,背部訓練器,待覆核,未能由名稱可靠判斷,待確認,待確認,建議以器材相片、製造商型號或場館實物確認。
胸肌及三角肌鍛練器,胸肌及三角肌鍛鍊器,待覆核,未能由名稱可靠判斷,待確認,待確認,建議以器材相片、製造商型號或場館實物確認。
胸肌練習器,胸肌練習器,待覆核,未能由名稱可靠判斷,待確認,待確認,建議以器材相片、製造商型號或場館實物確認。
胸肌訓練器,胸肌訓練器,待覆核,未能由名稱可靠判斷,待確認,待確認,建議以器材相片、製造商型號或場館實物確認。
胸肌鍛練器,胸肌鍛鍊器,待覆核,未能由名稱可靠判斷,待確認,待確認,建議以器材相片、製造商型號或場館實物確認。
腰部練習機,腰部練習機,待覆核,未能由名稱可靠判斷,待確認,待確認,建議以器材相片、製造商型號或場館實物確認。
腳踏機,腳踏機,待覆核,未能由名稱可靠判斷,待確認,待確認,建議以器材相片、製造商型號或場館實物確認。
腹外斜肌訓練器,腹外斜肌訓練器,待覆核,未能由名稱可靠判斷,待確認,待確認,建議以器材相片、製造商型號或場館實物確認。
腹背練習機,腹背練習機,待覆核,未能由名稱可靠判斷,待確認,待確認,建議以器材相片、製造商型號或場館實物確認。
腹部練習器,腹部練習器,待覆核,未能由名稱可靠判斷,待確認,待確認,建議以器材相片、製造商型號或場館實物確認。
腹部訓練器,腹部訓練器,待覆核,未能由名稱可靠判斷,待確認,待確認,建議以器材相片、製造商型號或場館實物確認。
腹部訓練板,腹部訓練板,待覆核,未能由名稱可靠判斷,待確認,待確認,建議以器材相片、製造商型號或場館實物確認。
腿屈伸練習器,腿屈伸練習器,待覆核,未能由名稱可靠判斷,待確認,待確認,建議以器材相片、製造商型號或場館實物確認。
腿肌練習器,腿肌練習器,待覆核,未能由名稱可靠判斷,待確認,待確認,建議以器材相片、製造商型號或場館實物確認。
腿部彎機,腿部彎機,待覆核,未能由名稱可靠判斷,待確認,待確認,建議以器材相片、製造商型號或場館實物確認。
臂部訓練機,臂部訓練機,待覆核,未能由名稱可靠判斷,待確認,待確認,建議以器材相片、製造商型號或場館實物確認。
蹬腳練習器,蹬腳練習器,待覆核,未能由名稱可靠判斷,待確認,待確認,建議以器材相片、製造商型號或場館實物確認。
輔助式引體上升/ 雙臂屈伸訓練器,輔助式引體上升/ 雙臂屈伸訓練器,待覆核,未能由名稱可靠判斷,待確認,待確認,建議以器材相片、製造商型號或場館實物確認。
輪拳手轉車,輪拳手轉車,待覆核,未能由名稱可靠判斷,待確認,待確認,建議以器材相片、製造商型號或場館實物確認。
雙臂屈伸/引體上升練習器,雙臂屈伸/引體上升練習器,待覆核,未能由名稱可靠判斷,待確認,待確認,建議以器材相片、製造商型號或場館實物確認。
磅,磅,待覆核,重量或體重量度,待確認,不適用,名稱過於簡略；需按器材相片或型號確認是槓片、體重磅或其他設備。
重量磅,重量磅,待覆核,重量或體重量度,待確認,不適用,名稱過於簡略；需按器材相片或型號確認是槓片、體重磅或其他設備。
電子重量磅,電子重量磅,待覆核,重量或體重量度,待確認,不適用,名稱過於簡略；需按器材相片或型號確認是槓片、體重磅或其他設備。
健體運轉機,全身帶氧訓練機,心肺訓練器材,全身帶氧類,心肺,全身／心肺,建議按相片或型號再細分。
全身運轉機,全身帶氧訓練機,心肺訓練器材,全身帶氧類,心肺,全身／心肺,建議按相片或型號再細分。
太空漫步機,全身帶氧訓練機,心肺訓練器材,全身帶氧類,心肺,全身／心肺,建議按相片或型號再細分。
帶氧運轉機,全身帶氧訓練機,心肺訓練器材,全身帶氧類,心肺,全身／心肺,建議按相片或型號再細分。
弧步運轉機,全身帶氧訓練機,心肺訓練器材,全身帶氧類,心肺,全身／心肺,建議按相片或型號再細分。
滑行機,全身帶氧訓練機,心肺訓練器材,全身帶氧類,心肺,全身／心肺,建議按相片或型號再細分。
運轉機,全身帶氧訓練機,心肺訓練器材,全身帶氧類,心肺,全身／心肺,建議按相片或型號再細分。
滑雪機,滑雪機,心肺訓練器材,全身帶氧類,心肺,全身／心肺,
滑雪運動機,滑雪機,心肺訓練器材,全身帶氧類,心肺,全身／心肺,
划船機,划船機,心肺訓練器材,划艇類,心肺,背部／手臂／下肢／心肺,
划船機練習器,划船機,心肺訓練器材,划艇類,心肺,背部／手臂／下肢／心肺,
划艇機,划船機,心肺訓練器材,划艇類,心肺,背部／手臂／下肢／心肺,
滑輪下拉/坐姿划船機,划船機,心肺訓練器材,划艇類,心肺,背部／手臂／下肢／心肺,
電子划船機,划船機,心肺訓練器材,划艇類,心肺,背部／手臂／下肢／心肺,
手搖划艇機,手搖划艇機,心肺訓練器材,划艇類,心肺,背部／手臂／下肢／心肺,
坐式健身單車,坐式健身單車,心肺訓練器材,單車類,心肺,下肢／心肺,
坐式單車,坐式健身單車,心肺訓練器材,單車類,心肺,下肢／心肺,
坐式單車機,坐式健身單車,心肺訓練器材,單車類,心肺,下肢／心肺,
坐立式單車,坐式健身單車,心肺訓練器材,單車類,心肺,下肢／心肺,
坐立式單車機,坐式健身單車,心肺訓練器材,單車類,心肺,下肢／心肺,
健身單車,直立式健身單車,心肺訓練器材,單車類,心肺,下肢／心肺,
單車,直立式健身單車,心肺訓練器材,單車類,心肺,下肢／心肺,
單車機,直立式健身單車,心肺訓練器材,單車類,心肺,下肢／心肺,
垂直式健身單車,直立式健身單車,心肺訓練器材,單車類,心肺,下肢／心肺,
垂直式健身單車機,直立式健身單車,心肺訓練器材,單車類,心肺,下肢／心肺,
垂直式單車,直立式健身單車,心肺訓練器材,單車類,心肺,下肢／心肺,
直立式健身單車,直立式健身單車,心肺訓練器材,單車類,心肺,下肢／心肺,
直立式單車,直立式健身單車,心肺訓練器材,單車類,心肺,下肢／心肺,
直立式單車機,直立式健身單車,心肺訓練器材,單車類,心肺,下肢／心肺,
電子虛擬單車,直立式健身單車,心肺訓練器材,單車類,心肺,下肢／心肺,
電腦程式單車,直立式健身單車,心肺訓練器材,單車類,心肺,下肢／心肺,
坐臥式單車,臥式健身單車,心肺訓練器材,單車類,心肺,下肢／心肺,
背靠式單車,臥式健身單車,心肺訓練器材,單車類,心肺,下肢／心肺,
背靠式單車機,臥式健身單車,心肺訓練器材,單車類,心肺,下肢／心肺,
臥式腳踏車,臥式健身單車,心肺訓練器材,單車類,心肺,下肢／心肺,
靠背 式單車,臥式健身單車,心肺訓練器材,單車類,心肺,下肢／心肺,
靠背式健身單車,臥式健身單車,心肺訓練器材,單車類,心肺,下肢／心肺,
靠背式健身單車機,臥式健身單車,心肺訓練器材,單車類,心肺,下肢／心肺,
靠背式單車,臥式健身單車,心肺訓練器材,單車類,心肺,下肢／心肺,
靠背式單車機,臥式健身單車,心肺訓練器材,單車類,心肺,下肢／心肺,
交叉訓練器,橢圓交叉訓練機,心肺訓練器材,橢圓／交叉訓練類,心肺,下肢／心肺,
心肺交叉訓練機,橢圓交叉訓練機,心肺訓練器材,橢圓／交叉訓練類,心肺,下肢／心肺,
橢圓機,橢圓交叉訓練機,心肺訓練器材,橢圓／交叉訓練類,心肺,下肢／心肺,
橢圓運轉機,橢圓交叉訓練機,心肺訓練器材,橢圓／交叉訓練類,心肺,下肢／心肺,
電腦心肺交叉訓練機,橢圓交叉訓練機,心肺訓練器材,橢圓／交叉訓練類,心肺,下肢／心肺,
跑步機,跑步機,心肺訓練器材,跑步類,心肺,下肢／心肺,電子／電動等字樣已整合。
跑步機/步行機,跑步機,心肺訓練器材,跑步類,心肺,下肢／心肺,電子／電動等字樣已整合。
電動跑步機,跑步機,心肺訓練器材,跑步類,心肺,下肢／心肺,電子／電動等字樣已整合。
電子跑步機,跑步機,心肺訓練器材,跑步類,心肺,下肢／心肺,電子／電動等字樣已整合。
台階機,踏步機／樓梯機,心肺訓練器材,踏步／登樓類,心肺,臀部／大腿／小腿／心肺,
樓梯機,踏步機／樓梯機,心肺訓練器材,踏步／登樓類,心肺,臀部／大腿／小腿／心肺,
踏步機,踏步機／樓梯機,心肺訓練器材,踏步／登樓類,心肺,臀部／大腿／小腿／心肺,
下背伸展練習機,伸展訓練器,柔軟度、伸展及復康類器材,伸展器材,自體重／輕阻力,全身,
下背伸展訓練機,伸展訓練器,柔軟度、伸展及復康類器材,伸展器材,自體重／輕阻力,全身,
伸展器,伸展訓練器,柔軟度、伸展及復康類器材,伸展器材,自體重／輕阻力,全身,
伸展機,伸展訓練器,柔軟度、伸展及復康類器材,伸展器材,自體重／輕阻力,全身,
伸展練習器,伸展訓練器,柔軟度、伸展及復康類器材,伸展器材,自體重／輕阻力,全身,
伸展訓練機,伸展訓練器,柔軟度、伸展及復康類器材,伸展器材,自體重／輕阻力,全身,
坐姿腿伸展練習器,伸展訓練器,柔軟度、伸展及復康類器材,伸展器材,自體重／輕阻力,全身,
坐姿腿伸展訓練器,伸展訓練器,柔軟度、伸展及復康類器材,伸展器材,自體重／輕阻力,全身,
坐姿腿伸展訓練機,伸展訓練器,柔軟度、伸展及復康類器材,伸展器材,自體重／輕阻力,全身,
坐式伸展器,伸展訓練器,柔軟度、伸展及復康類器材,伸展器材,自體重／輕阻力,全身,
坐式背肌伸展器,伸展訓練器,柔軟度、伸展及復康類器材,伸展器材,自體重／輕阻力,全身,
多角度臀部伸展/收縮機,伸展訓練器,柔軟度、伸展及復康類器材,伸展器材,自體重／輕阻力,全身,
多角度臀部伸展/收縮練習器,伸展訓練器,柔軟度、伸展及復康類器材,伸展器材,自體重／輕阻力,全身,
大腿伸展/屈伸練習器,伸展訓練器,柔軟度、伸展及復康類器材,伸展器材,自體重／輕阻力,全身,
大腿伸展機,伸展訓練器,柔軟度、伸展及復康類器材,伸展器材,自體重／輕阻力,全身,
大腿伸展練習器,伸展訓練器,柔軟度、伸展及復康類器材,伸展器材,自體重／輕阻力,全身,
大腿伸展練習器 / 大腿屈伸練習器,伸展訓練器,柔軟度、伸展及復康類器材,伸展器材,自體重／輕阻力,全身,
大腿伸展練習機,伸展訓練器,柔軟度、伸展及復康類器材,伸展器材,自體重／輕阻力,全身,
大腿伸展訓練器,伸展訓練器,柔軟度、伸展及復康類器材,伸展器材,自體重／輕阻力,全身,
大腿屈伸練習器/大腿伸展練習器,伸展訓練器,柔軟度、伸展及復康類器材,伸展器材,自體重／輕阻力,全身,
大腿屈曲/伸展器,伸展訓練器,柔軟度、伸展及復康類器材,伸展器材,自體重／輕阻力,全身,
大腿曲接 / 伸展練習器,伸展訓練器,柔軟度、伸展及復康類器材,伸展器材,自體重／輕阻力,全身,
小腿伸展練習器,伸展訓練器,柔軟度、伸展及復康類器材,伸展器材,自體重／輕阻力,全身,
小腿伸展練習機,伸展訓練器,柔軟度、伸展及復康類器材,伸展器材,自體重／輕阻力,全身,
屈臂伸展練習機,伸展訓練器,柔軟度、伸展及復康類器材,伸展器材,自體重／輕阻力,全身,
後腿屈及大腿伸展機,伸展訓練器,柔軟度、伸展及復康類器材,伸展器材,自體重／輕阻力,全身,
拉伸器,伸展訓練器,柔軟度、伸展及復康類器材,伸展器材,自體重／輕阻力,全身,
拉根機,伸展訓練器,柔軟度、伸展及復康類器材,伸展器材,自體重／輕阻力,全身,
拉筋器,伸展訓練器,柔軟度、伸展及復康類器材,伸展器材,自體重／輕阻力,全身,
拉筋機,伸展訓練器,柔軟度、伸展及復康類器材,伸展器材,自體重／輕阻力,全身,
肌肉伸展器,伸展訓練器,柔軟度、伸展及復康類器材,伸展器材,自體重／輕阻力,全身,
背伸展機,伸展訓練器,柔軟度、伸展及復康類器材,伸展器材,自體重／輕阻力,全身,
背肌伸展練習器,伸展訓練器,柔軟度、伸展及復康類器材,伸展器材,自體重／輕阻力,全身,
背部伸展器,伸展訓練器,柔軟度、伸展及復康類器材,伸展器材,自體重／輕阻力,全身,
背部伸展機,伸展訓練器,柔軟度、伸展及復康類器材,伸展器材,自體重／輕阻力,全身,
背部伸展練習器,伸展訓練器,柔軟度、伸展及復康類器材,伸展器材,自體重／輕阻力,全身,
背部伸展練習機,伸展訓練器,柔軟度、伸展及復康類器材,伸展器材,自體重／輕阻力,全身,
背部伸展訓練器,伸展訓練器,柔軟度、伸展及復康類器材,伸展器材,自體重／輕阻力,全身,
背部拉根機,伸展訓練器,柔軟度、伸展及復康類器材,伸展器材,自體重／輕阻力,全身,
腹部前屈/背部伸展練習機,伸展訓練器,柔軟度、伸展及復康類器材,伸展器材,自體重／輕阻力,全身,
腿部伸展機,伸展訓練器,柔軟度、伸展及復康類器材,伸展器材,自體重／輕阻力,全身,
按摩機,按摩機,柔軟度、伸展及復康類器材,被動恢復,不適用,不適用,
震動帶,震動帶,柔軟度、伸展及復康類器材,被動恢復,震動,依使用部位而定,
伸背/腹部練習器,背部伸展訓練器,核心、腹部、下背及軀幹旋轉器材,下背伸展,插銷配重／槓桿式／自體重,豎脊肌／臀大肌／腿後肌,
伸背練習器,背部伸展訓練器,核心、腹部、下背及軀幹旋轉器材,下背伸展,插銷配重／槓桿式／自體重,豎脊肌／臀大肌／腿後肌,
背伸機,背部伸展訓練器,核心、腹部、下背及軀幹旋轉器材,下背伸展,插銷配重／槓桿式／自體重,豎脊肌／臀大肌／腿後肌,
背部伸張椅,背部伸展訓練器,核心、腹部、下背及軀幹旋轉器材,下背伸展,插銷配重／槓桿式／自體重,豎脊肌／臀大肌／腿後肌,
背部伸張訓練器,背部伸展訓練器,核心、腹部、下背及軀幹旋轉器材,下背伸展,插銷配重／槓桿式／自體重,豎脊肌／臀大肌／腿後肌,
背部屈伸練習器,背部伸展訓練器,核心、腹部、下背及軀幹旋轉器材,下背伸展,插銷配重／槓桿式／自體重,豎脊肌／臀大肌／腿後肌,
垂直提腿機,提膝／提腿訓練器,核心、腹部、下背及軀幹旋轉器材,提膝／下腹,自體重／配重,腹直肌／髖屈肌／核心,
屈腿/提腿機,提膝／提腿訓練器,核心、腹部、下背及軀幹旋轉器材,提膝／下腹,自體重／配重,腹直肌／髖屈肌／核心,
屈膝提腿式下腹肌練習器,提膝／提腿訓練器,核心、腹部、下背及軀幹旋轉器材,提膝／下腹,自體重／配重,腹直肌／髖屈肌／核心,
懸垂提膝練習器,提膝／提腿訓練器,核心、腹部、下背及軀幹旋轉器材,提膝／下腹,自體重／配重,腹直肌／髖屈肌／核心,
提腿/屈腿機,提膝／提腿訓練器,核心、腹部、下背及軀幹旋轉器材,提膝／下腹,自體重／配重,腹直肌／髖屈肌／核心,
提腿/屈腿練習器,提膝／提腿訓練器,核心、腹部、下背及軀幹旋轉器材,提膝／下腹,自體重／配重,腹直肌／髖屈肌／核心,
提腿機,提膝／提腿訓練器,核心、腹部、下背及軀幹旋轉器材,提膝／下腹,自體重／配重,腹直肌／髖屈肌／核心,
提腿機及屈腿機,提膝／提腿訓練器,核心、腹部、下背及軀幹旋轉器材,提膝／下腹,自體重／配重,腹直肌／髖屈肌／核心,
提腿練習機,提膝／提腿訓練器,核心、腹部、下背及軀幹旋轉器材,提膝／下腹,自體重／配重,腹直肌／髖屈肌／核心,
提膝機,提膝／提腿訓練器,核心、腹部、下背及軀幹旋轉器材,提膝／下腹,自體重／配重,腹直肌／髖屈肌／核心,
提膝練習器,提膝／提腿訓練器,核心、腹部、下背及軀幹旋轉器材,提膝／下腹,自體重／配重,腹直肌／髖屈肌／核心,
提膝訓練器,提膝／提腿訓練器,核心、腹部、下背及軀幹旋轉器材,提膝／下腹,自體重／配重,腹直肌／髖屈肌／核心,
提膝訓練機,提膝／提腿訓練器,核心、腹部、下背及軀幹旋轉器材,提膝／下腹,自體重／配重,腹直肌／髖屈肌／核心,
腹/背練習器,腹背複合訓練器,核心、腹部、下背及軀幹旋轉器材,腹部及下背複合,插銷配重／槓桿式,腹直肌／腹斜肌／豎脊肌,雙功能器材。
腹部/背部練習器,腹背複合訓練器,核心、腹部、下背及軀幹旋轉器材,腹部及下背複合,插銷配重／槓桿式,腹直肌／腹斜肌／豎脊肌,雙功能器材。
可調角度腹肌鍛練器,腹肌訓練器,核心、腹部、下背及軀幹旋轉器材,腹部屈曲／捲腹,插銷配重／槓桿式,腹直肌／腹斜肌,
引體上升練習器加腹肌鍛練器,腹肌訓練器,核心、腹部、下背及軀幹旋轉器材,腹部屈曲／捲腹,插銷配重／槓桿式,腹直肌／腹斜肌,
捲腹椅,腹肌訓練器,核心、腹部、下背及軀幹旋轉器材,腹部屈曲／捲腹,插銷配重／槓桿式,腹直肌／腹斜肌,
收腹/伸背練習器,腹肌訓練器,核心、腹部、下背及軀幹旋轉器材,腹部屈曲／捲腹,插銷配重／槓桿式,腹直肌／腹斜肌,
收腹機,腹肌訓練器,核心、腹部、下背及軀幹旋轉器材,腹部屈曲／捲腹,插銷配重／槓桿式,腹直肌／腹斜肌,
收腹練習器,腹肌訓練器,核心、腹部、下背及軀幹旋轉器材,腹部屈曲／捲腹,插銷配重／槓桿式,腹直肌／腹斜肌,
收腹練習板,腹肌訓練器,核心、腹部、下背及軀幹旋轉器材,腹部屈曲／捲腹,插銷配重／槓桿式,腹直肌／腹斜肌,
收腹肌組,腹肌訓練器,核心、腹部、下背及軀幹旋轉器材,腹部屈曲／捲腹,插銷配重／槓桿式,腹直肌／腹斜肌,
腹肌練習器,腹肌訓練器,核心、腹部、下背及軀幹旋轉器材,腹部屈曲／捲腹,插銷配重／槓桿式,腹直肌／腹斜肌,
腹肌訓練器,腹肌訓練器,核心、腹部、下背及軀幹旋轉器材,腹部屈曲／捲腹,插銷配重／槓桿式,腹直肌／腹斜肌,
腹肌訓練機,腹肌訓練器,核心、腹部、下背及軀幹旋轉器材,腹部屈曲／捲腹,插銷配重／槓桿式,腹直肌／腹斜肌,
腹肌鍛練器,腹肌訓練器,核心、腹部、下背及軀幹旋轉器材,腹部屈曲／捲腹,插銷配重／槓桿式,腹直肌／腹斜肌,
腹部屈曲訓練器,腹肌訓練器,核心、腹部、下背及軀幹旋轉器材,腹部屈曲／捲腹,插銷配重／槓桿式,腹直肌／腹斜肌,
扭腰機,軀幹旋轉訓練機,核心、腹部、下背及軀幹旋轉器材,軀幹旋轉／腹斜肌,插銷配重／槓桿式,腹斜肌／腹橫肌／核心,
旋體腰部練習器,軀幹旋轉訓練機,核心、腹部、下背及軀幹旋轉器材,軀幹旋轉／腹斜肌,插銷配重／槓桿式,腹斜肌／腹橫肌／核心,
旋體腰部訓練機,軀幹旋轉訓練機,核心、腹部、下背及軀幹旋轉器材,軀幹旋轉／腹斜肌,插銷配重／槓桿式,腹斜肌／腹橫肌／核心,
腰部旋轉練習器,軀幹旋轉訓練機,核心、腹部、下背及軀幹旋轉器材,軀幹旋轉／腹斜肌,插銷配重／槓桿式,腹斜肌／腹橫肌／核心,
腰部旋轉練習機,軀幹旋轉訓練機,核心、腹部、下背及軀幹旋轉器材,軀幹旋轉／腹斜肌,插銷配重／槓桿式,腹斜肌／腹橫肌／核心,
腰部旋轉訓練器,軀幹旋轉訓練機,核心、腹部、下背及軀幹旋轉器材,軀幹旋轉／腹斜肌,插銷配重／槓桿式,腹斜肌／腹橫肌／核心,
腰部轉體練習器,軀幹旋轉訓練機,核心、腹部、下背及軀幹旋轉器材,軀幹旋轉／腹斜肌,插銷配重／槓桿式,腹斜肌／腹橫肌／核心,
軀幹旋轉練習機,軀幹旋轉訓練機,核心、腹部、下背及軀幹旋轉器材,軀幹旋轉／腹斜肌,插銷配重／槓桿式,腹斜肌／腹橫肌／核心,
轉腰訓練器,軀幹旋轉訓練機,核心、腹部、下背及軀幹旋轉器材,軀幹旋轉／腹斜肌,插銷配重／槓桿式,腹斜肌／腹橫肌／核心,
轉腰訓練機,軀幹旋轉訓練機,核心、腹部、下背及軀幹旋轉器材,軀幹旋轉／腹斜肌,插銷配重／槓桿式,腹斜肌／腹橫肌／核心,
轉體練習器,軀幹旋轉訓練機,核心、腹部、下背及軀幹旋轉器材,軀幹旋轉／腹斜肌,插銷配重／槓桿式,腹斜肌／腹橫肌／核心,
轉體腹斜肌練習器,軀幹旋轉訓練機,核心、腹部、下背及軀幹旋轉器材,軀幹旋轉／腹斜肌,插銷配重／槓桿式,腹斜肌／腹橫肌／核心,
轉體腹斜肌訓練器,軀幹旋轉訓練機,核心、腹部、下背及軀幹旋轉器材,軀幹旋轉／腹斜肌,插銷配重／槓桿式,腹斜肌／腹橫肌／核心,
上身肌力訓練器,多功能滑輪訓練器,滑輪、多功能及功能性訓練器,可調式滑輪／綜合訓練,插銷配重／滑輪,全身,多功能器材；可配合不同附件訓練胸、背、肩、手臂、腿及核心。
上身肌力訓練機,多功能滑輪訓練器,滑輪、多功能及功能性訓練器,可調式滑輪／綜合訓練,插銷配重／滑輪,全身,多功能器材；可配合不同附件訓練胸、背、肩、手臂、腿及核心。
功能性肌力及肌耐力訓練器,多功能滑輪訓練器,滑輪、多功能及功能性訓練器,可調式滑輪／綜合訓練,插銷配重／滑輪,全身,多功能器材；可配合不同附件訓練胸、背、肩、手臂、腿及核心。
十字交叉拉力繩練習器,多功能滑輪訓練器,滑輪、多功能及功能性訓練器,可調式滑輪／綜合訓練,插銷配重／滑輪,全身,多功能器材；可配合不同附件訓練胸、背、肩、手臂、腿及核心。
可調式雙滑輪多功能訓練器,多功能滑輪訓練器,滑輪、多功能及功能性訓練器,可調式滑輪／綜合訓練,插銷配重／滑輪,全身,多功能器材；可配合不同附件訓練胸、背、肩、手臂、腿及核心。
可調式雙滑輪多功能訓練機,多功能滑輪訓練器,滑輪、多功能及功能性訓練器,可調式滑輪／綜合訓練,插銷配重／滑輪,全身,多功能器材；可配合不同附件訓練胸、背、肩、手臂、腿及核心。
可調式雙滑輪練習器,多功能滑輪訓練器,滑輪、多功能及功能性訓練器,可調式滑輪／綜合訓練,插銷配重／滑輪,全身,多功能器材；可配合不同附件訓練胸、背、肩、手臂、腿及核心。
可調式雙滑輪訓練機,多功能滑輪訓練器,滑輪、多功能及功能性訓練器,可調式滑輪／綜合訓練,插銷配重／滑輪,全身,多功能器材；可配合不同附件訓練胸、背、肩、手臂、腿及核心。
多功能拉力器,多功能滑輪訓練器,滑輪、多功能及功能性訓練器,可調式滑輪／綜合訓練,插銷配重／滑輪,全身,多功能器材；可配合不同附件訓練胸、背、肩、手臂、腿及核心。
多功能拉力架綜合訓練器,多功能滑輪訓練器,滑輪、多功能及功能性訓練器,可調式滑輪／綜合訓練,插銷配重／滑輪,全身,多功能器材；可配合不同附件訓練胸、背、肩、手臂、腿及核心。
多功能拉力練習機,多功能滑輪訓練器,滑輪、多功能及功能性訓練器,可調式滑輪／綜合訓練,插銷配重／滑輪,全身,多功能器材；可配合不同附件訓練胸、背、肩、手臂、腿及核心。
多功能拉力訓練機,多功能滑輪訓練器,滑輪、多功能及功能性訓練器,可調式滑輪／綜合訓練,插銷配重／滑輪,全身,多功能器材；可配合不同附件訓練胸、背、肩、手臂、腿及核心。
多功能綜合訓練器,多功能滑輪訓練器,滑輪、多功能及功能性訓練器,可調式滑輪／綜合訓練,插銷配重／滑輪,全身,多功能器材；可配合不同附件訓練胸、背、肩、手臂、腿及核心。
多用途拉力練習器,多功能滑輪訓練器,滑輪、多功能及功能性訓練器,可調式滑輪／綜合訓練,插銷配重／滑輪,全身,多功能器材；可配合不同附件訓練胸、背、肩、手臂、腿及核心。
多用途拉力訓練器,多功能滑輪訓練器,滑輪、多功能及功能性訓練器,可調式滑輪／綜合訓練,插銷配重／滑輪,全身,多功能器材；可配合不同附件訓練胸、背、肩、手臂、腿及核心。
雙滑輪可調節練習器,多功能滑輪訓練器,滑輪、多功能及功能性訓練器,可調式滑輪／綜合訓練,插銷配重／滑輪,全身,多功能器材；可配合不同附件訓練胸、背、肩、手臂、腿及核心。
雙滑輪多功能練習器,多功能滑輪訓練器,滑輪、多功能及功能性訓練器,可調式滑輪／綜合訓練,插銷配重／滑輪,全身,多功能器材；可配合不同附件訓練胸、背、肩、手臂、腿及核心。
雙軌式多功能訓練機,多功能滑輪訓練器,滑輪、多功能及功能性訓練器,可調式滑輪／綜合訓練,插銷配重／滑輪,全身,多功能器材；可配合不同附件訓練胸、背、肩、手臂、腿及核心。
高低滑輪拉動組合,多功能滑輪訓練器,滑輪、多功能及功能性訓練器,可調式滑輪／綜合訓練,插銷配重／滑輪,全身,多功能器材；可配合不同附件訓練胸、背、肩、手臂、腿及核心。
上斜式啞鈴練習椅,啞鈴,自由重量器材,啞鈴,自由重量,全身,
包膠啞鈴連架,啞鈴,自由重量器材,啞鈴,自由重量,全身,
可調式啞鈴椅,啞鈴,自由重量器材,啞鈴,自由重量,全身,
可調式啞鈴練習器,啞鈴,自由重量器材,啞鈴,自由重量,全身,
可調式啞鈴練習椅,啞鈴,自由重量器材,啞鈴,自由重量,全身,
可調較式啞鈴練習椅,啞鈴,自由重量器材,啞鈴,自由重量,全身,
啞呤練習椅,啞鈴,自由重量器材,啞鈴,自由重量,全身,
啞呤（1-10公斤）,啞鈴,自由重量器材,啞鈴,自由重量,全身,原始重量資料：10公斤
啞呤（5-60磅）,啞鈴,自由重量器材,啞鈴,自由重量,全身,原始重量資料：60磅
啞呤（5-65磅）,啞鈴,自由重量器材,啞鈴,自由重量,全身,原始重量資料：65磅
啞呤（5-75磅）,啞鈴,自由重量器材,啞鈴,自由重量,全身,原始重量資料：75磅
啞鈴,啞鈴,自由重量器材,啞鈴,自由重量,全身,
啞鈴 ( 1 - 70磅),啞鈴,自由重量器材,啞鈴,自由重量,全身,原始重量資料：70磅
啞鈴 ( 2 - 60磅),啞鈴,自由重量器材,啞鈴,自由重量,全身,原始重量資料：60磅
啞鈴 ( 3 - 65磅),啞鈴,自由重量器材,啞鈴,自由重量,全身,原始重量資料：65磅
啞鈴 ( 3 - 75磅),啞鈴,自由重量器材,啞鈴,自由重量,全身,原始重量資料：75磅
啞鈴 ( 4 - 75磅),啞鈴,自由重量器材,啞鈴,自由重量,全身,原始重量資料：75磅
啞鈴 (1 - 30公斤),啞鈴,自由重量器材,啞鈴,自由重量,全身,原始重量資料：30公斤
啞鈴 (1-10公斤),啞鈴,自由重量器材,啞鈴,自由重量,全身,原始重量資料：10公斤
啞鈴 (1-70磅),啞鈴,自由重量器材,啞鈴,自由重量,全身,原始重量資料：70磅
啞鈴 (15-80磅),啞鈴,自由重量器材,啞鈴,自由重量,全身,原始重量資料：80磅
啞鈴 (2-11 磅),啞鈴,自由重量器材,啞鈴,自由重量,全身,原始重量資料：11 磅
啞鈴 (2-20 公斤) 及 (22-40 公斤),啞鈴,自由重量器材,啞鈴,自由重量,全身,原始重量資料：20 公斤、40 公斤
啞鈴 (2.5-37.5 公斤),啞鈴,自由重量器材,啞鈴,自由重量,全身,原始重量資料：37.5 公斤
啞鈴 (3 – 25磅),啞鈴,自由重量器材,啞鈴,自由重量,全身,原始重量資料：25磅
啞鈴 (4-12磅),啞鈴,自由重量器材,啞鈴,自由重量,全身,原始重量資料：12磅
啞鈴 (5 – 65 磅),啞鈴,自由重量器材,啞鈴,自由重量,全身,原始重量資料：65 磅
啞鈴 (5 – 65磅),啞鈴,自由重量器材,啞鈴,自由重量,全身,原始重量資料：65磅
啞鈴 (5-60磅),啞鈴,自由重量器材,啞鈴,自由重量,全身,原始重量資料：60磅
啞鈴 (5-75磅),啞鈴,自由重量器材,啞鈴,自由重量,全身,原始重量資料：75磅
啞鈴 10對（3 - 35 磅）,啞鈴,自由重量器材,啞鈴,自由重量,全身,原始重量資料：35 磅
啞鈴 7對（40 - 70 磅）,啞鈴,自由重量器材,啞鈴,自由重量,全身,原始重量資料：70 磅
啞鈴(0.5-4.5 公斤),啞鈴,自由重量器材,啞鈴,自由重量,全身,原始重量資料：4.5 公斤
"啞鈴(1-12磅), (5-80磅)",啞鈴,自由重量器材,啞鈴,自由重量,全身,原始重量資料：12磅、80磅
啞鈴(1-60磅),啞鈴,自由重量器材,啞鈴,自由重量,全身,原始重量資料：60磅
啞鈴(2-25磅) 11對,啞鈴,自由重量器材,啞鈴,自由重量,全身,原始重量資料：25磅
啞鈴(2.5-32.5 公斤),啞鈴,自由重量器材,啞鈴,自由重量,全身,原始重量資料：32.5 公斤
啞鈴(2磅-60磅),啞鈴,自由重量器材,啞鈴,自由重量,全身,原始重量資料：2磅、60磅
啞鈴(3-50磅),啞鈴,自由重量器材,啞鈴,自由重量,全身,原始重量資料：50磅
啞鈴(3-50磅) 12對,啞鈴,自由重量器材,啞鈴,自由重量,全身,原始重量資料：50磅
啞鈴(3-70磅),啞鈴,自由重量器材,啞鈴,自由重量,全身,原始重量資料：70磅
啞鈴(3-75磅),啞鈴,自由重量器材,啞鈴,自由重量,全身,原始重量資料：75磅
啞鈴(4-75磅),啞鈴,自由重量器材,啞鈴,自由重量,全身,原始重量資料：75磅
啞鈴(4-80磅),啞鈴,自由重量器材,啞鈴,自由重量,全身,原始重量資料：80磅
啞鈴(5-50磅),啞鈴,自由重量器材,啞鈴,自由重量,全身,原始重量資料：50磅
啞鈴(5-50磅) 10對,啞鈴,自由重量器材,啞鈴,自由重量,全身,原始重量資料：50磅
啞鈴(5-60磅),啞鈴,自由重量器材,啞鈴,自由重量,全身,原始重量資料：60磅
啞鈴(5-70磅)15對,啞鈴,自由重量器材,啞鈴,自由重量,全身,原始重量資料：70磅
啞鈴(5-75磅),啞鈴,自由重量器材,啞鈴,自由重量,全身,原始重量資料：75磅
啞鈴(55-80磅) 6對,啞鈴,自由重量器材,啞鈴,自由重量,全身,原始重量資料：80磅
啞鈴(5磅-75磅),啞鈴,自由重量器材,啞鈴,自由重量,全身,原始重量資料：5磅、75磅
啞鈴10對（3-25磅）,啞鈴,自由重量器材,啞鈴,自由重量,全身,原始重量資料：25磅
啞鈴11 對(15-70磅),啞鈴,自由重量器材,啞鈴,自由重量,全身,原始重量資料：70磅
啞鈴13對(1-17.5公斤); 4對(45-60磅),啞鈴,自由重量器材,啞鈴,自由重量,全身,原始重量資料：17.5公斤、60磅
啞鈴15對（5-75磅）,啞鈴,自由重量器材,啞鈴,自由重量,全身,原始重量資料：75磅
啞鈴8 對(3-25磅),啞鈴,自由重量器材,啞鈴,自由重量,全身,原始重量資料：25磅
啞鈴: 1至10公斤,啞鈴,自由重量器材,啞鈴,自由重量,全身,原始重量資料：10公斤
啞鈴: 1至20公斤，50至60磅,啞鈴,自由重量器材,啞鈴,自由重量,全身,原始重量資料：20公斤、60磅
啞鈴: 1至60磅,啞鈴,自由重量器材,啞鈴,自由重量,全身,原始重量資料：60磅
啞鈴: 3至70磅,啞鈴,自由重量器材,啞鈴,自由重量,全身,原始重量資料：70磅
啞鈴: 5至60磅,啞鈴,自由重量器材,啞鈴,自由重量,全身,原始重量資料：60磅
啞鈴及啞鈴架,啞鈴,自由重量器材,啞鈴,自由重量,全身,
"啞鈴及啞鈴架 (3, 5-60磅)",啞鈴,自由重量器材,啞鈴,自由重量,全身,原始重量資料：60磅
啞鈴套組,啞鈴,自由重量器材,啞鈴,自由重量,全身,
啞鈴套裝 (2公斤-22.5公斤),啞鈴,自由重量器材,啞鈴,自由重量,全身,原始重量資料：2公斤、22.5公斤
啞鈴套裝(5 - 80磅),啞鈴,自由重量器材,啞鈴,自由重量,全身,原始重量資料：80磅
啞鈴套裝(連啞鈴架),啞鈴,自由重量器材,啞鈴,自由重量,全身,
啞鈴套裝(連啞鈴架) (2-50磅),啞鈴,自由重量器材,啞鈴,自由重量,全身,原始重量資料：50磅
啞鈴套裝(連啞鈴架)（3-20磅）,啞鈴,自由重量器材,啞鈴,自由重量,全身,原始重量資料：20磅
啞鈴套裝(連啞鈴架)（5-50磅）,啞鈴,自由重量器材,啞鈴,自由重量,全身,原始重量資料：50磅
啞鈴套裝連啞鈴架 (3-70lbs),啞鈴,自由重量器材,啞鈴,自由重量,全身,原始重量資料：70lbs
啞鈴套裝連啞鈴架 (5-70磅及1-10公斤),啞鈴,自由重量器材,啞鈴,自由重量,全身,原始重量資料：70磅、10公斤
啞鈴套裝連啞鈴架 (5-80磅，1-10公斤),啞鈴,自由重量器材,啞鈴,自由重量,全身,原始重量資料：80磅、10公斤
啞鈴套裝連啞鈴架(1公斤-10公斤),啞鈴,自由重量器材,啞鈴,自由重量,全身,原始重量資料：1公斤、10公斤
啞鈴套裝連啞鈴架(3-50磅 ),啞鈴,自由重量器材,啞鈴,自由重量,全身,原始重量資料：50磅
啞鈴套裝連啞鈴架(3-70LB),啞鈴,自由重量器材,啞鈴,自由重量,全身,原始重量資料：70LB
啞鈴套裝連啞鈴架(5磅-65磅),啞鈴,自由重量器材,啞鈴,自由重量,全身,原始重量資料：5磅、65磅
啞鈴套裝連訓練椅 (10-79磅),啞鈴,自由重量器材,啞鈴,自由重量,全身,原始重量資料：79磅
啞鈴椅,啞鈴,自由重量器材,啞鈴,自由重量,全身,
啞鈴練習椅,啞鈴,自由重量器材,啞鈴,自由重量,全身,
"啞鈴連啞鈴架(1至20公斤, 50-60磅)",啞鈴,自由重量器材,啞鈴,自由重量,全身,原始重量資料：20公斤、60磅
啞鈴（2 - 60 磅）,啞鈴,自由重量器材,啞鈴,自由重量,全身,原始重量資料：60 磅
啞鈴（3-25磅）,啞鈴,自由重量器材,啞鈴,自由重量,全身,原始重量資料：25磅
啞鈴（5-65磅）,啞鈴,自由重量器材,啞鈴,自由重量,全身,原始重量資料：65磅
平板啞呤練習器,啞鈴,自由重量器材,啞鈴,自由重量,全身,
平板啞鈴練習椅,啞鈴,自由重量器材,啞鈴,自由重量,全身,
平板式啞鈴練習椅,啞鈴,自由重量器材,啞鈴,自由重量,全身,
槓啞鈴(1-80磅),啞鈴,自由重量器材,啞鈴,自由重量,全身,原始重量資料：80磅
壺鈴,壺鈴,自由重量器材,壺鈴,自由重量,全身／核心,
槓鈴 / 曲尺槓鈴 (1.25 – 10kg),曲尺槓鈴（EZ Bar）,自由重量器材,槓鈴／槓片,自由重量,全身,
槓鈴/曲尺槓鈴,曲尺槓鈴（EZ Bar）,自由重量器材,槓鈴／槓片,自由重量,全身,
槓鈴/曲尺槓鈴(10kgs-30kgs),曲尺槓鈴（EZ Bar）,自由重量器材,槓鈴／槓片,自由重量,全身,
槓鈴/曲尺槓鈴（10-30公斤）,曲尺槓鈴（EZ Bar）,自由重量器材,槓鈴／槓片,自由重量,全身,
可調式槓鈴套裝(連槓片),槓鈴及槓片,自由重量器材,槓鈴／槓片,自由重量,全身,
杠鈴套裝連杠鈴架 (10-45公斤),槓鈴及槓片,自由重量器材,槓鈴／槓片,自由重量,全身,
槓鈴及鐵餅,槓鈴及槓片,自由重量器材,槓鈴／槓片,自由重量,全身,
槓鈴套裝(可調節負荷),槓鈴及槓片,自由重量器材,槓鈴／槓片,自由重量,全身,
藥球,藥球,自由重量器材,藥球,自由重量,全身／核心,
攀牆架,牆架／攀牆梯,自由重量支架及訓練架,伸展／自重訓練架,自體重,全身,
攀牆梯,牆架／攀牆梯,自由重量支架及訓練架,伸展／自重訓練架,自體重,全身,
橫架,牆架／攀牆梯,自由重量支架及訓練架,伸展／自重訓練架,自體重,全身,
牆架,牆架／攀牆梯,自由重量支架及訓練架,伸展／自重訓練架,自體重,全身,
牆梯,牆架／攀牆梯,自由重量支架及訓練架,伸展／自重訓練架,自體重,全身,
史密夫架,史密夫機,自由重量支架及訓練架,導軌式槓鈴訓練,槓鈴／槓片,全身,
史密夫機,史密夫機,自由重量支架及訓練架,導軌式槓鈴訓練,槓鈴／槓片,全身,
史密夫機健身組合,史密夫機,自由重量支架及訓練架,導軌式槓鈴訓練,槓鈴／槓片,全身,
史密夫機架,史密夫機,自由重量支架及訓練架,導軌式槓鈴訓練,槓鈴／槓片,全身,
單雙槓/引體上升練習器,自重引體上升／雙槓訓練架,自由重量支架及訓練架,引體上升／雙槓／提膝,自體重,背部／胸部／手臂／核心,
引體上升練習器/槓上雙臂屈伸架,自重引體上升／雙槓訓練架,自由重量支架及訓練架,引體上升／雙槓／提膝,自體重,背部／胸部／手臂／核心,
提膝練習架,自重引體上升／雙槓訓練架,自由重量支架及訓練架,引體上升／雙槓／提膝,自體重,背部／胸部／手臂／核心,
槓上雙臂屈伸架,自重引體上升／雙槓訓練架,自由重量支架及訓練架,引體上升／雙槓／提膝,自體重,背部／胸部／手臂／核心,
肘寸掌提膝架,自重引體上升／雙槓訓練架,自由重量支架及訓練架,引體上升／雙槓／提膝,自體重,背部／胸部／手臂／核心,
45度背肌伸展器(羅馬椅),羅馬椅（45度背肌伸展器）,訓練椅、訓練台及核心訓練板,下背伸展,自體重,豎脊肌／臀大肌／腿後肌,
羅馬椅,羅馬椅（45度背肌伸展器）,訓練椅、訓練台及核心訓練板,下背伸展,自體重,豎脊肌／臀大肌／腿後肌,
羅馬椅(45度背肌伸展器),羅馬椅（45度背肌伸展器）,訓練椅、訓練台及核心訓練板,下背伸展,自體重,豎脊肌／臀大肌／腿後肌,
羅馬椅抬腿訓練機,羅馬椅（45度背肌伸展器）,訓練椅、訓練台及核心訓練板,下背伸展,自體重,豎脊肌／臀大肌／腿後肌,
仰臥捲腹板,腹肌訓練板,訓練椅、訓練台及核心訓練板,腹肌訓練板,自體重,腹直肌／腹斜肌,
仰臥起坐練習板,腹肌訓練板,訓練椅、訓練台及核心訓練板,腹肌訓練板,自體重,腹直肌／腹斜肌,
修腹板,腹肌訓練板,訓練椅、訓練台及核心訓練板,腹肌訓練板,自體重,腹直肌／腹斜肌,
捲腹板,腹肌訓練板,訓練椅、訓練台及核心訓練板,腹肌訓練板,自體重,腹直肌／腹斜肌,
捲腹板/椅,腹肌訓練板,訓練椅、訓練台及核心訓練板,腹肌訓練板,自體重,腹直肌／腹斜肌,
摺腹板,腹肌訓練板,訓練椅、訓練台及核心訓練板,腹肌訓練板,自體重,腹直肌／腹斜肌,
收腹板,腹肌訓練板,訓練椅、訓練台及核心訓練板,腹肌訓練板,自體重,腹直肌／腹斜肌,
收腹板 / 腹肌訓練椅,腹肌訓練板,訓練椅、訓練台及核心訓練板,腹肌訓練板,自體重,腹直肌／腹斜肌,
腹肌板,腹肌訓練板,訓練椅、訓練台及核心訓練板,腹肌訓練板,自體重,腹直肌／腹斜肌,
可調式下傾練習椅,可調式訓練椅,訓練椅、訓練台及核心訓練板,訓練椅,配合自由重量／自體重,依訓練動作而定,
可調式練習椅,可調式訓練椅,訓練椅、訓練台及核心訓練板,訓練椅,配合自由重量／自體重,依訓練動作而定,
可調式背肌伸展訓練椅,可調式訓練椅,訓練椅、訓練台及核心訓練板,訓練椅,配合自由重量／自體重,依訓練動作而定,
可調式訓練椅,可調式訓練椅,訓練椅、訓練台及核心訓練板,訓練椅,配合自由重量／自體重,依訓練動作而定,
可調較訓練椅,可調式訓練椅,訓練椅、訓練台及核心訓練板,訓練椅,配合自由重量／自體重,依訓練動作而定,
多斜度練習椅,可調式訓練椅,訓練椅、訓練台及核心訓練板,訓練椅,配合自由重量／自體重,依訓練動作而定,
平躺及上傾斜式練習椅,可調式訓練椅,訓練椅、訓練台及核心訓練板,訓練椅,配合自由重量／自體重,依訓練動作而定,
調校式長椅,可調式訓練椅,訓練椅、訓練台及核心訓練板,訓練椅,配合自由重量／自體重,依訓練動作而定,
平式椅,平板訓練椅,訓練椅、訓練台及核心訓練板,訓練椅,配合自由重量／自體重,依訓練動作而定,
二頭肌練習椅,訓練椅,訓練椅、訓練台及核心訓練板,訓練椅,配合自由重量／自體重,依訓練動作而定,
仰臥式大腿練習椅,訓練椅,訓練椅、訓練台及核心訓練板,訓練椅,配合自由重量／自體重,依訓練動作而定,
健身椅,訓練椅,訓練椅、訓練台及核心訓練板,訓練椅,配合自由重量／自體重,依訓練動作而定,
多用途練習椅,訓練椅,訓練椅、訓練台及核心訓練板,訓練椅,配合自由重量／自體重,依訓練動作而定,
屈腿練習椅,訓練椅,訓練椅、訓練台及核心訓練板,訓練椅,配合自由重量／自體重,依訓練動作而定,
屈臂練習椅,訓練椅,訓練椅、訓練台及核心訓練板,訓練椅,配合自由重量／自體重,依訓練動作而定,
捲腹練習椅,訓練椅,訓練椅、訓練台及核心訓練板,訓練椅,配合自由重量／自體重,依訓練動作而定,
提腿練習椅,訓練椅,訓練椅、訓練台及核心訓練板,訓練椅,配合自由重量／自體重,依訓練動作而定,
收腹練習椅,訓練椅,訓練椅、訓練台及核心訓練板,訓練椅,配合自由重量／自體重,依訓練動作而定,
背肌伸展練習椅,訓練椅,訓練椅、訓練台及核心訓練板,訓練椅,配合自由重量／自體重,依訓練動作而定,
背肌練習椅,訓練椅,訓練椅、訓練台及核心訓練板,訓練椅,配合自由重量／自體重,依訓練動作而定,
腹肌練習椅,訓練椅,訓練椅、訓練台及核心訓練板,訓練椅,配合自由重量／自體重,依訓練動作而定,
腹肌訓練椅,訓練椅,訓練椅、訓練台及核心訓練板,訓練椅,配合自由重量／自體重,依訓練動作而定,
腹部訓練椅,訓練椅,訓練椅、訓練台及核心訓練板,訓練椅,配合自由重量／自體重,依訓練動作而定,
臥式腹部練習椅,訓練椅,訓練椅、訓練台及核心訓練板,訓練椅,配合自由重量／自體重,依訓練動作而定,
舉重練習椅,訓練椅,訓練椅、訓練台及核心訓練板,訓練椅,配合自由重量／自體重,依訓練動作而定,
力量輔助引體上升練習器,輔助引體上升／雙槓訓練機,輔助自重訓練器材,引體上升／雙槓撐體,配重輔助,背闊肌／二頭肌／三頭肌／胸肌／核心,
力量輔助引體上升訓練器,輔助引體上升／雙槓訓練機,輔助自重訓練器材,引體上升／雙槓撐體,配重輔助,背闊肌／二頭肌／三頭肌／胸肌／核心,
力量輔助引體向上/雙槓訓練器,輔助引體上升／雙槓訓練機,輔助自重訓練器材,引體上升／雙槓撐體,配重輔助,背闊肌／二頭肌／三頭肌／胸肌／核心,
單雙槓重量輔助訓練機,輔助引體上升／雙槓訓練機,輔助自重訓練器材,引體上升／雙槓撐體,配重輔助,背闊肌／二頭肌／三頭肌／胸肌／核心,
輔助引體上升/雙臂屈伸練習器,輔助引體上升／雙槓訓練機,輔助自重訓練器材,引體上升／雙槓撐體,配重輔助,背闊肌／二頭肌／三頭肌／胸肌／核心,
輔助引體上升練習器,輔助引體上升／雙槓訓練機,輔助自重訓練器材,引體上升／雙槓撐體,配重輔助,背闊肌／二頭肌／三頭肌／胸肌／核心,
電子磅,體重磅連身高尺,體適能評估及量度器材,體重及身高量度,不適用,不適用,
電子體磅連身高尺,體重磅連身高尺,體適能評估及量度器材,體重及身高量度,不適用,不適用,
體重磅連身高尺,體重磅連身高尺,體適能評估及量度器材,體重及身高量度,不適用,不適用,
